timestamp,lap,vehicle_id,lapdist_dls,steering_angle,latitude,longitude,accx_can,accy_can,ath,gear,nmot,pbrake_f,pbrake_r,speed
2025-09-05T00:48:05.179Z,29,GR86-016-55,,-0.3,33.53268051147461,-86.61956024169922,0.129,-0.029,100.0,4.0,,0.0,0.0,
2025-09-05T00:48:05.223Z,29,GR86-016-55,0.0,-0.3,33.53268051147461,-86.61956024169922,0.149,-0.02,100.0,4.0,6701.0,0.0,0.0,
2025-09-05T00:48:05.265Z,29,GR86-016-55,,-0.3,33.53270721435547,-86.61952209472656,0.144,-0.02,100.0,4.0,,0.0,0.0,170.36
2025-09-05T00:48:05.308Z,29,GR86-016-55,,-0.4,33.53270721435547,-86.61952209472656,0.139,-0.03,100.0,4.0,,0.0,0.0,
2025-09-05T00:48:05.394Z,29,GR86-016-55,,-0.7000000000000001,33.53270721435547,-86.61952209472656,0.136,-0.054,100.0,4.0,,0.0,0.0,
2025-09-05T00:48:05.437Z,29,GR86-016-55,10.0,-1.6,33.532737731933594,-86.61949157714844,0.119,-0.073,100.0,4.0,6701.0,0.0,0.0,
2025-09-05T00:48:05.523Z,29,GR86-016-55,,-1.8,33.53276824951172,-86.61945343017578,0.112,-0.095,100.0,4.0,,0.0,0.0,171.27
2025-09-05T00:48:05.609Z,29,GR86-016-55,,-1.9,33.53279495239258,-86.61941528320312,0.152,-0.081,100.0,4.0,,0.0,0.0,
2025-09-05T00:48:05.653Z,29,GR86-016-55,29.0,-1.8,33.53279495239258,-86.61941528320312,0.158,-0.117,100.0,4.0,6774.0,0.0,0.0,
2025-09-05T00:48:05.696Z,29,GR86-016-55,,-1.7000000000000002,33.5328254699707,-86.61937713623047,0.141,-0.118,100.0,4.0,,0.0,0.0,172.20000000000002
2025-09-05T00:48:05.739Z,29,GR86-016-55,,-1.6,33.5328254699707,-86.61937713623047,0.129,-0.12,100.0,4.0,,0.0,0.0,
2025-09-05T00:48:05.783Z,29,GR86-016-55,,-1.6,33.53285598754883,-86.61933898925781,0.122,-0.085,100.0,4.0,,0.0,0.0,
2025-09-05T00:48:05.825Z,29,GR86-016-55,,-1.6,33.53285598754883,-86.61933898925781,0.144,-0.08,100.0,4.0,,0.0,0.0,
2025-09-05T00:48:05.868Z,29,GR86-016-55,39.0,-1.6,33.53285598754883,-86.61933898925781,0.155,-0.067,100.0,4.0,6813.0,0.0,0.0,
2025-09-05T00:48:05.913Z,29,GR86-016-55,,-1.5,33.53288650512695,-86.61930084228516,0.149,-0.061,100.0,4.0,,0.0,0.0,173.13
2025-09-05T00:48:05.955Z,29,GR86-016-55,,-1.1,33.53288650512695,-86.61930084228516,0.157,-0.048,100.0,4.0,,0.0,0.0,
2025-09-05T00:48:05.998Z,29,GR86-016-55,,-0.9,33.53291320800781,-86.6192626953125,0.154,-0.031,100.0,4.0,,0.0,0.0,
2025-09-05T00:48:06.044Z,29,GR86-016-55,,-0.6000000000000001,33.53291320800781,-86.6192626953125,0.106,-0.023,100.0,4.0,,0.0,0.0,
2025-09-05T00:48:06.086Z,29,GR86-016-55,49.0,-0.5,33.53294372558594,-86.61922454833984,0.109,-0.015,100.0,4.0,6857.0,14.205,14.33,
2025-09-05T00:48:06.129Z,29,GR86-016-55,,0.0,33.53294372558594,-86.61922454833984,0.002,-0.004,100.0,4.0,,15.475,15.84,174.01
2025-09-05T00:48:06.173Z,29,GR86-016-55,,1.1,33.53297424316406,-86.61918640136719,-0.043,0.021,100.0,4.0,,11.935,12.68,
2025-09-05T00:48:06.215Z,29,GR86-016-55,,1.6,33.53297424316406,-86.61918640136719,0.005,0.05,100.0,4.0,,5.0200000000000005,5.8,
2025-09-05T00:48:06.258Z,29,GR86-016-55,,1.8,33.53297424316406,-86.61918640136719,0.121,0.073,100.0,4.0,,0.0,0.0,
2025-09-05T00:48:06.302Z,29,GR86-016-55,58.0,1.9,33.53300094604492,-86.61914825439453,0.152,0.06,100.0,4.0,6883.0,0.0,0.0,
2025-09-05T00:48:06.346Z,29,GR86-016-55,,2.0,33.53300094604492,-86.61914825439453,0.138,0.093,100.0,4.0,,0.0,0.0,174.9
2025-09-05T00:48:06.389Z,29,GR86-016-55,,2.2,33.53303146362305,-86.61911010742188,0.118,0.101,100.0,4.0,,0.0,0.0,
2025-09-05T00:48:06.433Z,29,GR86-016-55,,2.3000000000000003,33.53303146362305,-86.61911010742188,0.127,0.115,100.0,4.0,,0.0,0.0,
2025-09-05T00:48:06.476Z,29,GR86-016-55,,2.7,33.53306198120117,-86.61907196044922,0.112,0.114,100.0,4.0,,0.0,0.0,
2025-09-05T00:48:06.519Z,29,GR86-016-55,68.0,3.4000000000000004,33.53306198120117,-86.61907196044922,0.123,0.12,100.0,4.0,6878.0,0.0,0.0,
2025-09-05T00:48:06.562Z,29,GR86-016-55,,4.6000000000000005,33.53308868408203,-86.61903381347656,0.159,0.189,100.0,4.0,,0.0,0.0,175.28
2025-09-05T00:48:06.605Z,29,GR86-016-55,,4.7,33.53308868408203,-86.61903381347656,0.158,0.206,100.0,4.0,,0.0,0.0,
2025-09-05T00:48:06.648Z,29,GR86-016-55,,4.6000000000000005,33.53308868408203,-86.61903381347656,0.158,0.213,100.0,4.0,,0.0,0.0,
2025-09-05T00:48:06.692Z,29,GR86-016-55,,4.2,33.53311920166016,-86.6189956665039,0.159,0.209,100.0,4.0,,0.0,0.0,
2025-09-05T00:48:06.734Z,29,GR86-016-55,78.0,4.1000000000000005,33.53311920166016,-86.6189956665039,0.168,0.215,100.0,4.0,6931.0,0.0,0.0,
2025-09-05T00:48:06.778Z,29,GR86-016-55,,3.9,33.53314971923828,-86.61895751953125,0.157,0.192,100.0,4.0,,0.0,0.0,175.98
2025-09-05T00:48:06.820Z,29,GR86-016-55,,3.9,33.53314971923828,-86.61895751953125,0.137,0.19,100.0,4.0,,0.0,0.0,
2025-09-05T00:48:06.863Z,29,GR86-016-55,,3.8,33.53314971923828,-86.61895751953125,0.128,0.171,100.0,4.0,,0.0,0.0,
2025-09-05T00:48:06.906Z,29,GR86-016-55,,3.7,33.533180236816406,-86.6189193725586,0.146,0.155,100.0,4.0,,0.0,0.0,
2025-09-05T00:48:06.949Z,29,GR86-016-55,88.0,3.4000000000000004,33.533180236816406,-86.6189193725586,0.136,0.164,100.0,4.0,6973.0,0.0,0.0,
2025-09-05T00:48:06.993Z,29,GR86-016-55,,3.4000000000000004,33.53321075439453,-86.61888122558594,0.118,0.134,100.0,4.0,,0.0,0.0,176.87
2025-09-05T00:48:07.035Z,29,GR86-016-55,,3.4000000000000004,33.53321075439453,-86.61888122558594,0.132,0.107,100.0,4.0,,0.0,0.0,
2025-09-05T00:48:07.078Z,29,GR86-016-55,,3.4000000000000004,33.533241271972656,-86.61884307861328,0.127,0.096,63.03,4.0,,8.36,8.515,
2025-09-05T00:48:07.122Z,29,GR86-016-55,,4.1000000000000005,33.533241271972656,-86.61884307861328,-0.287,0.099,0.0,4.0,,47.705,47.185,
2025-09-05T00:48:07.164Z,29,GR86-016-55,98.0,7.4,33.53327178955078,-86.61880493164062,-0.585,0.077,0.0,4.0,7009.0,65.86,64.87,
2025-09-05T00:48:07.207Z,29,GR86-016-55,,10.2,33.53327178955078,-86.61880493164062,-0.899,0.079,0.0,4.0,,76.955,76.08500000000001,177.77
2025-09-05T00:48:07.250Z,29,GR86-016-55,,12.3,33.53327178955078,-86.61880493164062,-0.989,0.092,0.0,4.0,,72.7,73.965,
2025-09-05T00:48:07.293Z,29,GR86-016-55,,12.9,33.533302307128906,-86.61876678466797,-0.743,0.198,0.0,4.0,,57.53,59.3,
2025-09-05T00:48:07.336Z,29,GR86-016-55,,14.6,33.533302307128906,-86.61876678466797,-0.674,0.239,0.0,4.0,,45.75,46.895,
2025-09-05T00:48:07.380Z,29,GR86-016-55,107.0,17.400000000000002,33.53333282470703,-86.61872863769531,-0.834,0.319,0.0,4.0,7040.0,43.05,44.055,
2025-09-05T00:48:07.423Z,29,GR86-016-55,,18.6,33.53333282470703,-86.61872863769531,-0.885,0.338,0.0,4.0,,46.435,46.65,178.67000000000002
2025-09-05T00:48:07.465Z,29,GR86-016-55,,15.1,33.53336334228516,-86.61869049072266,-0.989,0.385,0.0,4.0,,52.05,52.405,
2025-09-05T00:48:07.508Z,29,GR86-016-55,,6.0,33.53336334228516,-86.61869049072266,-1.005,0.386,0.0,4.0,,57.055,57.865,
2025-09-05T00:48:07.552Z,29,GR86-016-55,,-1.8,33.53336334228516,-86.61869049072266,-1.034,0.29,0.0,4.0,,56.995000000000005,57.895,
2025-09-05T00:48:07.594Z,29,GR86-016-55,117.0,-5.4,33.533390045166016,-86.61865234375,-1.069,0.34,0.0,4.0,6419.0,50.31,51.335,
2025-09-05T00:48:07.637Z,29,GR86-016-55,,-5.800000000000001,33.533390045166016,-86.61865234375,-0.932,0.28,0.0,4.0,,45.995,47.155,175.3
2025-09-05T00:48:07.680Z,29,GR86-016-55,,-5.800000000000001,33.53342056274414,-86.61862182617188,-0.944,0.34,0.0,4.0,,46.71,47.46,
2025-09-05T00:48:07.723Z,29,GR86-016-55,,1.4,33.53342056274414,-86.61862182617188,-0.988,0.429,0.0,4.0,,46.435,46.865,
2025-09-05T00:48:07.766Z,29,GR86-016-55,,10.3,33.533447265625,-86.61858367919922,-0.871,0.466,0.0,4.0,,45.965,46.8,
2025-09-05T00:48:07.809Z,29,GR86-016-55,126.0,19.700000000000003,33.533447265625,-86.61858367919922,-0.969,0.562,0.0,4.0,6367.0,44.435,45.245,
2025-09-05T00:48:07.853Z,29,GR86-016-55,,28.4,33.533447265625,-86.61858367919922,-0.912,0.5630000000000001,0.0,4.0,,43.705,44.085,164.09
2025-09-05T00:48:07.896Z,29,GR86-016-55,,33.4,33.533477783203125,-86.6185531616211,-0.856,0.6,0.0,4.0,,44.53,44.775,
2025-09-05T00:48:07.938Z,29,GR86-016-55,,33.7,33.533477783203125,-86.6185531616211,-0.868,0.5680000000000001,0.0,4.0,,45.03,45.75,
2025-09-05T00:48:07.982Z,29,GR86-016-55,,29.6,33.533504486083984,-86.61851501464844,-0.875,0.644,0.0,4.0,,43.52,44.405,
2025-09-05T00:48:08.026Z,29,GR86-016-55,135.0,21.6,33.533504486083984,-86.61851501464844,-0.857,0.61,0.0,4.0,5999.0,34.625,35.205,
2025-09-05T00:48:08.069Z,29,GR86-016-55,,16.5,33.533531188964844,-86.61848449707031,-0.8280000000000001,0.607,0.0,4.0,,27.255,28.185,158.52
2025-09-05T00:48:08.113Z,29,GR86-016-55,,15.1,33.533531188964844,-86.61848449707031,-0.605,0.678,0.0,4.0,,26.535,27.025,
2025-09-05T00:48:08.155Z,29,GR86-016-55,,11.8,33.533531188964844,-86.61848449707031,-0.622,0.747,0.0,4.0,,25.025,25.36,
2025-09-05T00:48:08.198Z,29,GR86-016-55,,5.1000000000000005,33.53356170654297,-86.61845397949219,-0.655,0.733,0.0,4.0,,21.305,21.93,
2025-09-05T00:48:08.244Z,29,GR86-016-55,152.0,-6.5,33.53356170654297,-86.61845397949219,-0.405,0.6950000000000001,0.0,4.0,5559.0,12.65,13.305,
2025-09-05T00:48:08.286Z,29,GR86-016-55,,-7.300000000000001,33.53358840942383,-86.61842346191406,-0.368,0.654,0.0,4.0,,10.025,10.5,152.70000000000002
2025-09-05T00:48:08.329Z,29,GR86-016-55,,8.700000000000001,33.53358840942383,-86.61842346191406,-0.447,0.723,0.0,4.0,,11.705,12.025,
2025-09-05T00:48:08.373Z,29,GR86-016-55,,29.6,33.53361511230469,-86.61840057373047,-0.426,0.8130000000000001,0.0,4.0,,14.635,14.88,
2025-09-05T00:48:08.415Z,29,GR86-016-55,,44.8,33.53361511230469,-86.61840057373047,-0.428,0.902,0.0,4.0,,16.740000000000002,16.77,
2025-09-05T00:48:08.458Z,29,GR86-016-55,160.0,48.7,33.53361511230469,-86.61840057373047,-0.397,0.914,0.0,4.0,5602.0,16.77,17.12,
2025-09-05T00:48:08.502Z,29,GR86-016-55,,43.7,33.53364181518555,-86.61837005615234,-0.438,0.857,0.0,4.0,,13.61,14.205,149.13
2025-09-05T00:48:08.546Z,29,GR86-016-55,,38.0,33.53364181518555,-86.61837005615234,-0.446,0.846,0.0,4.0,,7.43,7.95,
2025-09-05T00:48:08.588Z,29,GR86-016-55,,32.800000000000004,33.533668518066406,-86.61833953857422,-0.331,0.875,0.0,4.0,,0.0,0.0,
2025-09-05T00:48:08.632Z,29,GR86-016-55,,28.4,33.533668518066406,-86.61833953857422,-0.207,0.896,0.0,4.0,,0.0,0.0,
2025-09-05T00:48:08.674Z,29,GR86-016-55,168.0,25.4,33.53369903564453,-86.61831665039062,-0.127,0.971,0.0,4.0,5522.0,0.0,0.0,
2025-09-05T00:48:08.717Z,29,GR86-016-55,,22.0,33.53369903564453,-86.61831665039062,-0.122,1.042,0.0,4.0,,0.0,0.0,145.58
2025-09-05T00:48:08.760Z,29,GR86-016-55,,20.5,33.53369903564453,-86.61831665039062,-0.157,1.032,0.0,4.0,,0.0,0.0,
2025-09-05T00:48:08.803Z,29,GR86-016-55,,19.0,33.53372573852539,-86.6182861328125,-0.12,1.006,0.0,4.0,,0.0,0.0,
2025-09-05T00:48:08.846Z,29,GR86-016-55,,18.4,33.53372573852539,-86.6182861328125,-0.134,0.938,0.0,4.0,,0.0,0.0,
2025-09-05T00:48:08.889Z,29,GR86-016-55,176.0,18.1,33.53375244140625,-86.6182632446289,-0.128,0.971,0.0,4.0,5457.0,0.0,0.0,
2025-09-05T00:48:08.933Z,29,GR86-016-55,,17.8,33.53375244140625,-86.6182632446289,-0.116,1.028,0.0,4.0,,0.0,0.0,143.43
2025-09-05T00:48:08.976Z,29,GR86-016-55,,17.7,33.533782958984375,-86.61824035644531,-0.121,1.102,0.0,4.0,,0.0,0.0,
2025-09-05T00:48:09.019Z,29,GR86-016-55,,20.5,33.533782958984375,-86.61824035644531,-0.14,1.088,0.0,4.0,,0.0,0.0,
2025-09-05T00:48:09.062Z,29,GR86-016-55,,20.200000000000003,33.5338134765625,-86.61821746826172,-0.112,1.099,2.84,4.0,,0.0,0.0,
2025-09-05T00:48:09.104Z,29,GR86-016-55,183.0,17.400000000000002,33.5338134765625,-86.61821746826172,-0.138,1.085,5.78,4.0,5451.0,0.0,0.0,
2025-09-05T00:48:09.148Z,29,GR86-016-55,,12.6,33.5338134765625,-86.61821746826172,-0.162,1.109,12.44,4.0,,0.0,0.0,142.21
2025-09-05T00:48:09.192Z,29,GR86-016-55,,11.3,33.53384017944336,-86.61819458007812,-0.137,1.088,17.55,4.0,,0.0,0.0,
2025-09-05T00:48:09.234Z,29,GR86-016-55,,12.4,33.53384017944336,-86.61819458007812,-0.123,1.191,21.32,4.0,,0.0,0.0,
2025-09-05T00:48:09.278Z,29,GR86-016-55,,21.700000000000003,33.533870697021484,-86.61817932128906,-0.091,1.188,24.22,4.0,,0.0,0.0,
2025-09-05T00:48:09.320Z,29,GR86-016-55,191.0,33.4,33.533870697021484,-86.61817932128906,-0.119,1.215,27.81,4.0,5386.0,0.0,0.0,
2025-09-05T00:48:09.363Z,29,GR86-016-55,,48.0,33.53390121459961,-86.61815643310547,-0.087,1.328,29.85,4.0,,0.0,0.0,141.12
2025-09-05T00:48:09.406Z,29,GR86-016-55,,53.3,33.53390121459961,-86.61815643310547,-0.09,1.299,30.38,4.0,,0.0,0.0,
2025-09-05T00:48:09.449Z,29,GR86-016-55,,54.7,33.53390121459961,-86.61815643310547,0.072,1.256,30.23,4.0,,0.0,0.0,
2025-09-05T00:48:09.493Z,29,GR86-016-55,,54.900000000000006,33.533931732177734,-86.6181411743164,0.03,1.328,30.2,4.0,,0.0,0.0,
2025-09-05T00:48:09.535Z,29,GR86-016-55,199.0,56.5,33.533931732177734,-86.6181411743164,0.032,1.323,30.44,4.0,5388.0,0.0,0.0,
2025-09-05T00:48:09.578Z,29,GR86-016-55,,58.2,33.53396224975586,-86.61811828613281,0.001,1.363,30.01,4.0,,0.0,0.0,140.04
2025-09-05T00:48:09.622Z,29,GR86-016-55,,63.400000000000006,33.53396224975586,-86.61811828613281,-0.004,1.381,28.96,4.0,,0.0,0.0,
2025-09-05T00:48:09.664Z,29,GR86-016-55,,66.60000000000001,33.533992767333984,-86.61810302734375,-0.023,1.347,27.09,4.0,,0.0,0.0,
2025-09-05T00:48:09.707Z,29,GR86-016-55,,68.5,33.533992767333984,-86.61810302734375,-0.006,1.453,27.2,4.0,,0.0,0.0,
2025-09-05T00:48:09.750Z,29,GR86-016-55,207.0,70.7,33.533992767333984,-86.61810302734375,0.011,1.627,27.08,4.0,5555.0,0.0,0.0,
2025-09-05T00:48:09.794Z,29,GR86-016-55,,72.9,33.534027099609375,-86.61808776855469,0.003,1.621,27.65,4.0,,0.0,0.0,139.12
2025-09-05T00:48:09.836Z,29,GR86-016-55,,73.9,33.534027099609375,-86.61808776855469,-0.055,1.724,28.39,4.0,,0.0,0.0,
2025-09-05T00:48:09.880Z,29,GR86-016-55,,75.10000000000001,33.534027099609375,-86.61808776855469,-0.046,1.705,33.81,4.0,,0.0,0.0,
2025-09-05T00:48:09.923Z,29,GR86-016-55,,78.5,33.5340576171875,-86.61807250976562,-0.043,1.698,46.92,4.0,,0.0,0.0,
2025-09-05T00:48:09.965Z,29,GR86-016-55,214.0,79.30000000000001,33.53409194946289,-86.6180648803711,-0.005,1.633,63.1,4.0,5485.0,0.0,0.0,
2025-09-05T00:48:10.052Z,29,GR86-016-55,,79.60000000000001,33.53409194946289,-86.6180648803711,0.033,1.577,97.76,4.0,,0.0,0.0,138.23
2025-09-05T00:48:10.096Z,29,GR86-016-55,,79.10000000000001,33.534122467041016,-86.61805725097656,0.068,1.6,100.0,4.0,,0.0,0.0,
2025-09-05T00:48:10.139Z,29,GR86-016-55,,78.0,33.534122467041016,-86.61805725097656,0.096,1.602,100.0,4.0,,0.0,0.0,
2025-09-05T00:48:10.183Z,29,GR86-016-55,222.0,76.10000000000001,33.534156799316406,-86.61804962158203,0.086,1.668,100.0,4.0,5471.0,0.0,0.0,
2025-09-05T00:48:10.225Z,29,GR86-016-55,,75.7,33.534156799316406,-86.61804962158203,0.107,1.576,100.0,4.0,,0.0,0.0,138.19
2025-09-05T00:48:10.269Z,29,GR86-016-55,,73.8,33.5341911315918,-86.6180419921875,0.126,1.585,100.0,4.0,,0.0,0.0,
2025-09-05T00:48:10.313Z,29,GR86-016-55,,71.0,33.5341911315918,-86.6180419921875,0.145,1.525,100.0,4.0,,0.0,0.0,
2025-09-05T00:48:10.398Z,29,GR86-016-55,230.0,55.400000000000006,33.53422546386719,-86.61803436279297,0.129,1.476,100.0,4.0,5499.0,0.0,0.0,
2025-09-05T00:48:10.444Z,29,GR86-016-55,,48.400000000000006,33.53422546386719,-86.61803436279297,0.138,1.362,100.0,4.0,,0.0,0.0,138.76
2025-09-05T00:48:10.486Z,29,GR86-016-55,,45.2,33.53425979614258,-86.61802673339844,0.132,1.332,100.0,4.0,,0.0,0.0,
2025-09-05T00:48:10.529Z,29,GR86-016-55,,42.3,33.53425979614258,-86.61802673339844,0.164,1.333,100.0,4.0,,0.0,0.0,
2025-09-05T00:48:10.573Z,29,GR86-016-55,,39.7,33.53429412841797,-86.61802673339844,0.171,1.246,100.0,4.0,,0.0,0.0,
2025-09-05T00:48:10.615Z,29,GR86-016-55,238.0,37.9,33.53429412841797,-86.61802673339844,0.165,1.203,100.0,4.0,5514.0,0.0,0.0,
2025-09-05T00:48:10.659Z,29,GR86-016-55,,37.8,33.53429412841797,-86.61802673339844,0.166,1.157,100.0,4.0,,0.0,0.0,139.16
2025-09-05T00:48:10.702Z,29,GR86-016-55,,41.7,33.53432846069336,-86.61802673339844,0.165,1.045,100.0,4.0,,0.0,0.0,
2025-09-05T00:48:10.744Z,29,GR86-016-55,,47.900000000000006,33.53432846069336,-86.61802673339844,0.14,1.145,100.0,4.0,,0.0,0.0,
2025-09-05T00:48:10.787Z,29,GR86-016-55,,53.8,33.53436279296875,-86.61802673339844,0.14,1.219,100.0,4.0,,0.0,0.0,
2025-09-05T00:48:10.830Z,29,GR86-016-55,245.0,56.400000000000006,33.53436279296875,-86.61802673339844,0.143,1.325,100.0,4.0,5549.0,0.0,0.0,
2025-09-05T00:48:10.874Z,29,GR86-016-55,,56.6,33.53439712524414,-86.61802673339844,0.184,1.393,100.0,4.0,,0.0,0.0,139.74
2025-09-05T00:48:10.916Z,29,GR86-016-55,,55.2,33.53439712524414,-86.61802673339844,0.14,1.468,100.0,4.0,,0.0,0.0,
2025-09-05T00:48:10.959Z,29,GR86-016-55,,54.1,33.53439712524414,-86.61802673339844,0.133,1.539,100.0,4.0,,0.0,0.0,
2025-09-05T00:48:11.003Z,29,GR86-016-55,,54.1,33.53443145751953,-86.61803436279297,0.165,1.498,100.0,4.0,,0.0,0.0,
2025-09-05T00:48:11.046Z,29,GR86-016-55,261.0,54.2,33.53443145751953,-86.61803436279297,0.131,1.38,100.0,4.0,5678.0,0.0,0.0,
2025-09-05T00:48:11.089Z,29,GR86-016-55,,54.0,33.53446578979492,-86.61803436279297,0.141,1.338,100.0,4.0,,0.0,0.0,140.16
2025-09-05T00:48:11.133Z,29,GR86-016-55,,52.8,33.53446578979492,-86.61803436279297,0.145,1.271,100.0,4.0,,0.0,0.0,
2025-09-05T00:48:11.176Z,29,GR86-016-55,,51.7,33.53450012207031,-86.6180419921875,0.131,1.331,100.0,4.0,,0.0,0.0,
2025-09-05T00:48:11.220Z,29,GR86-016-55,,51.3,33.53450012207031,-86.6180419921875,0.135,1.317,100.0,4.0,,0.0,0.0,
2025-09-05T00:48:11.263Z,29,GR86-016-55,269.0,51.0,33.5345344543457,-86.61804962158203,0.153,1.468,100.0,4.0,5628.0,0.0,0.0,
2025-09-05T00:48:11.305Z,29,GR86-016-55,,51.0,33.5345344543457,-86.61804962158203,0.16,1.398,100.0,4.0,,0.0,0.0,141.13
2025-09-05T00:48:11.348Z,29,GR86-016-55,,51.0,33.5345344543457,-86.61804962158203,0.106,1.612,100.0,4.0,,0.0,0.0,
2025-09-05T00:48:11.392Z,29,GR86-016-55,,51.0,33.534568786621094,-86.61805725097656,0.196,1.528,100.0,4.0,,0.0,0.0,
2025-09-05T00:48:11.434Z,29,GR86-016-55,,50.8,33.534568786621094,-86.61805725097656,0.113,1.659,100.0,4.0,,0.0,0.0,
2025-09-05T00:48:11.477Z,29,GR86-016-55,277.0,50.8,33.534603118896484,-86.6180648803711,0.149,1.625,100.0,4.0,5714.0,0.0,0.0,
2025-09-05T00:48:11.520Z,29,GR86-016-55,,50.5,33.534603118896484,-86.6180648803711,0.187,1.515,100.0,4.0,,0.0,0.0,141.17000000000002
2025-09-05T00:48:11.563Z,29,GR86-016-55,,48.5,33.534637451171875,-86.61808013916016,0.141,1.41,100.0,4.0,,0.0,0.0,
2025-09-05T00:48:11.606Z,29,GR86-016-55,,45.2,33.534637451171875,-86.61808013916016,0.118,1.367,100.0,4.0,,0.0,0.0,
2025-09-05T00:48:11.649Z,29,GR86-016-55,,39.900000000000006,33.534637451171875,-86.61808013916016,0.187,1.304,100.0,4.0,,0.0,0.0,
2025-09-05T00:48:11.693Z,29,GR86-016-55,285.0,34.4,33.534671783447266,-86.61809539794922,0.117,1.282,100.0,4.0,5662.0,0.0,0.0,
2025-09-05T00:48:11.735Z,29,GR86-016-55,,29.6,33.534671783447266,-86.61809539794922,0.189,1.283,100.0,4.0,,0.0,0.0,142.11
2025-09-05T00:48:11.778Z,29,GR86-016-55,,25.700000000000003,33.534706115722656,-86.61811065673828,0.171,1.185,100.0,4.0,,0.0,0.0,
2025-09-05T00:48:11.822Z,29,GR86-016-55,,15.6,33.534706115722656,-86.61811065673828,0.159,1.133,100.0,4.0,,0.0,0.0,
2025-09-05T00:48:11.864Z,29,GR86-016-55,,5.7,33.534706115722656,-86.61811065673828,0.17,1.05,100.0,4.0,,0.0,0.0,
2025-09-05T00:48:11.907Z,29,GR86-016-55,292.0,-6.800000000000001,33.53474044799805,-86.61812591552734,0.219,0.778,100.0,4.0,5642.0,0.0,0.0,
2025-09-05T00:48:11.950Z,29,GR86-016-55,,-18.8,33.53474044799805,-86.61812591552734,0.156,0.5660000000000001,100.0,4.0,,0.0,0.0,142.23
2025-09-05T00:48:11.993Z,29,GR86-016-55,,-27.9,33.53477096557617,-86.6181411743164,0.167,0.317,100.0,4.0,,0.0,0.0,
2025-09-05T00:48:12.036Z,29,GR86-016-55,,-35.1,33.53477096557617,-86.6181411743164,0.162,-0.093,100.0,4.0,,0.0,0.0,
2025-09-05T00:48:12.079Z,29,GR86-016-55,,-38.7,33.53480529785156,-86.61815643310547,0.147,-0.437,100.0,4.0,,0.0,0.0,
2025-09-05T00:48:12.123Z,29,GR86-016-55,300.0,-38.900000000000006,33.53480529785156,-86.61815643310547,0.121,-0.711,100.0,4.0,5647.0,0.0,0.0,
2025-09-05T00:48:12.165Z,29,GR86-016-55,,-37.1,33.53483581542969,-86.61817932128906,0.142,-0.87,100.0,4.0,,0.0,0.0,142.83
2025-09-05T00:48:12.209Z,29,GR86-016-55,,-36.0,33.53483581542969,-86.61817932128906,0.143,-0.948,100.0,4.0,,0.0,0.0,
2025-09-05T00:48:12.252Z,29,GR86-016-55,,-35.9,33.53483581542969,-86.61817932128906,0.158,-0.96,90.1,4.0,,12.21,12.175,
2025-09-05T00:48:12.294Z,29,GR86-016-55,,-35.800000000000004,33.53487014770508,-86.61819458007812,0.075,-1.034,5.23,4.0,,32.045,31.925,
2025-09-05T00:48:12.337Z,29,GR86-016-55,308.0,-32.300000000000004,33.53487014770508,-86.61819458007812,-0.25,-1.029,0.0,4.0,5614.0,47.335,46.74,
2025-09-05T00:48:12.380Z,29,GR86-016-55,,-23.6,33.53490447998047,-86.61820983886719,-0.513,-0.941,0.0,4.0,,60.02,59.24,143.44
2025-09-05T00:48:12.423Z,29,GR86-016-55,,-16.0,33.53490447998047,-86.61820983886719,-0.968,-0.789,0.0,4.0,,70.745,70.715,
2025-09-05T00:48:12.466Z,29,GR86-016-55,,-14.9,33.534934997558594,-86.61822509765625,-1.124,-0.768,0.0,4.0,,75.46000000000001,76.895,
2025-09-05T00:48:12.509Z,29,GR86-016-55,,-13.9,33.534934997558594,-86.61822509765625,-0.929,-0.809,0.0,4.0,,74.745,75.995,
2025-09-05T00:48:12.553Z,29,GR86-016-55,316.0,-12.0,33.534934997558594,-86.61822509765625,-0.937,-0.87,0.0,4.0,5702.0,68.305,68.805,
2025-09-05T00:48:12.596Z,29,GR86-016-55,,-9.9,33.534969329833984,-86.61824035644531,-0.882,-0.67,0.0,4.0,,60.31,61.82,143.45000000000002
2025-09-05T00:48:12.639Z,29,GR86-016-55,,-9.6,33.534969329833984,-86.61824035644531,-0.836,-0.632,0.0,4.0,,55.18,56.555,
2025-09-05T00:48:12.683Z,29,GR86-016-55,,-17.8,33.53499984741211,-86.61824798583984,-0.8260000000000001,-0.674,0.0,4.0,,53.395,54.83,
2025-09-05T00:48:12.726Z,29,GR86-016-55,,-23.4,33.53499984741211,-86.61824798583984,-0.85,-0.7000000000000001,0.0,4.0,,50.005,50.375,
2025-09-05T00:48:12.769Z,29,GR86-016-55,324.0,-24.1,33.535030364990234,-86.6182632446289,-0.887,-0.72,0.0,3.0,5132.0,51.685,52.370000000000005,
2025-09-05T00:48:12.813Z,29,GR86-016-55,,-22.3,33.535030364990234,-86.6182632446289,-0.897,-0.732,0.0,3.0,,50.28,51.595,141.99
2025-09-05T00:48:12.855Z,29,GR86-016-55,,-16.0,33.535030364990234,-86.6182632446289,-0.918,-0.754,0.0,3.0,,37.495,38.35,
2025-09-05T00:48:12.898Z,29,GR86-016-55,,-14.6,33.53506088256836,-86.61827087402344,-0.8270000000000001,-0.724,0.0,3.0,,27.65,28.645,
2025-09-05T00:48:12.943Z,29,GR86-016-55,,-14.1,33.53506088256836,-86.61827087402344,-0.715,-0.861,0.0,3.0,,21.685,22.37,
2025-09-05T00:48:12.986Z,29,GR86-016-55,331.0,-8.8,33.535091400146484,-86.6182861328125,-0.516,-0.806,0.0,3.0,4884.0,21.38,21.9,
2025-09-05T00:48:13.029Z,29,GR86-016-55,,-0.3,33.535091400146484,-86.6182861328125,-0.562,-0.775,0.0,3.0,,21.27,21.745,132.01
2025-09-05T00:48:13.073Z,29,GR86-016-55,,3.6,33.53512191772461,-86.61829376220703,-0.507,-0.844,0.0,2.0,,21.44,22.095,
2025-09-05T00:48:13.115Z,29,GR86-016-55,,0.4,33.53512191772461,-86.61829376220703,-0.552,-0.777,0.0,2.0,,23.12,23.425,
2025-09-05T00:48:13.158Z,29,GR86-016-55,,-10.7,33.53512191772461,-86.61829376220703,-0.881,-0.668,0.0,2.0,,28.52,29.115,
2025-09-05T00:48:13.203Z,29,GR86-016-55,338.0,-18.0,33.53514862060547,-86.61830139160156,-0.719,-1.033,0.0,2.0,5004.0,34.745,35.525,
2025-09-05T00:48:13.246Z,29,GR86-016-55,,-3.9,33.53514862060547,-86.61830139160156,-0.534,-0.964,0.0,2.0,,34.49,35.115,122.85
2025-09-05T00:48:13.289Z,29,GR86-016-55,,23.5,33.535179138183594,-86.6183090209961,-0.723,-0.894,0.0,2.0,,28.81,29.74,
2025-09-05T00:48:13.333Z,29,GR86-016-55,,55.5,33.535179138183594,-86.6183090209961,-0.498,-0.864,0.0,2.0,,23.485,24.11,
2025-09-05T00:48:13.376Z,29,GR86-016-55,,80.2,33.53520584106445,-86.61831665039062,-0.435,-0.8210000000000001,0.0,2.0,,22.37,23.12,
2025-09-05T00:48:13.418Z,29,GR86-016-55,344.0,94.0,33.53520584106445,-86.61831665039062,-0.59,-0.613,0.0,2.0,5434.0,23.99,24.615,
2025-09-05T00:48:13.462Z,29,GR86-016-55,,102.7,33.53523254394531,-86.61831665039062,-0.757,-0.592,0.0,2.0,,34.49,34.96,117.89
2025-09-05T00:48:13.505Z,29,GR86-016-55,,104.8,33.53523254394531,-86.61831665039062,-0.798,-0.5690000000000001,0.0,2.0,,37.77,38.18,
2025-09-05T00:48:13.548Z,29,GR86-016-55,,104.0,33.53523254394531,-86.61831665039062,-0.741,-0.5670000000000001,0.0,2.0,,37.615,38.045,
2025-09-05T00:48:13.592Z,29,GR86-016-55,,89.60000000000001,33.53526306152344,-86.61832427978516,-0.659,-0.671,0.0,2.0,,36.21,36.58,
2025-09-05T00:48:13.634Z,29,GR86-016-55,351.0,86.2,33.53526306152344,-86.61832427978516,-0.674,-0.797,0.0,2.0,5584.0,32.445,32.9,
2025-09-05T00:48:13.722Z,29,GR86-016-55,,86.10000000000001,33.53528594970703,-86.61832427978516,-0.585,-0.811,0.0,2.0,,24.11,25.3,112.81
2025-09-05T00:48:13.764Z,29,GR86-016-55,,90.8,33.53531265258789,-86.61832427978516,-0.344,-0.881,0.0,2.0,,12.21,13.14,
2025-09-05T00:48:13.807Z,29,GR86-016-55,,105.0,33.53531265258789,-86.61832427978516,-0.368,-0.89,0.0,2.0,,5.16,5.705,
2025-09-05T00:48:13.850Z,29,GR86-016-55,362.0,117.5,33.53531265258789,-86.61832427978516,-0.145,-0.802,0.0,2.0,5506.0,0.0,0.0,
2025-09-05T00:48:13.893Z,29,GR86-016-55,,120.2,33.53533935546875,-86.61833190917969,-0.113,-0.658,0.0,2.0,,0.0,0.0,107.6
2025-09-05T00:48:13.936Z,29,GR86-016-55,,119.5,33.53533935546875,-86.61833190917969,-0.159,-0.708,0.0,2.0,,0.0,0.0,
2025-09-05T00:48:13.980Z,29,GR86-016-55,,97.9,33.535362243652344,-86.61833190917969,-0.167,-0.629,0.0,2.0,,0.0,2.135,
2025-09-05T00:48:14.023Z,29,GR86-016-55,,45.900000000000006,33.535362243652344,-86.61833190917969,-0.16,-0.922,0.0,2.0,,5.86,5.965,
2025-09-05T00:48:14.065Z,29,GR86-016-55,368.0,14.4,33.53538513183594,-86.61833190917969,-0.208,-1.024,0.0,2.0,5248.0,8.01,8.27,
2025-09-05T00:48:14.109Z,29,GR86-016-55,,-13.3,33.53538513183594,-86.61833190917969,-0.235,-1.031,0.0,2.0,,6.625,7.235,102.53
2025-09-05T00:48:14.152Z,29,GR86-016-55,,-33.4,33.53538513183594,-86.61833190917969,-0.155,-1.065,0.0,2.0,,0.0,0.0,
2025-09-05T00:48:14.194Z,29,GR86-016-55,,-47.5,33.5354118347168,-86.61833190917969,-0.14,-1.063,0.0,2.0,,0.0,0.0,
2025-09-05T00:48:14.238Z,29,GR86-016-55,,-55.400000000000006,33.5354118347168,-86.61833190917969,-0.236,-1.015,0.0,2.0,,0.0,0.0,
2025-09-05T00:48:14.280Z,29,GR86-016-55,373.0,-58.8,33.53543472290039,-86.61832427978516,-0.295,-1.019,0.0,2.0,5289.0,0.0,0.0,
2025-09-05T00:48:14.323Z,29,GR86-016-55,,-61.6,33.53543472290039,-86.61832427978516,-0.224,-1.033,0.0,2.0,,0.0,0.0,99.6
2025-09-05T00:48:14.366Z,29,GR86-016-55,,-64.3,33.535457611083984,-86.61832427978516,-0.204,-1.007,0.0,2.0,,0.0,0.0,
2025-09-05T00:48:14.409Z,29,GR86-016-55,,-66.10000000000001,33.535457611083984,-86.61832427978516,-0.203,-0.984,0.0,2.0,,0.0,0.0,
2025-09-05T00:48:14.453Z,29,GR86-016-55,,-66.8,33.535457611083984,-86.61832427978516,-0.175,-0.893,0.0,2.0,,0.0,0.0,
2025-09-05T00:48:14.496Z,29,GR86-016-55,378.0,-68.5,33.53548049926758,-86.61831665039062,-0.201,-0.978,0.0,2.0,5104.0,0.0,0.0,
2025-09-05T00:48:14.538Z,29,GR86-016-55,,-68.9,33.53548049926758,-86.61831665039062,-0.187,-0.955,0.0,2.0,,0.0,0.0,95.97
2025-09-05T00:48:14.582Z,29,GR86-016-55,,-65.9,33.53550338745117,-86.61831665039062,-0.181,-1.032,0.32,2.0,,0.0,0.0,
2025-09-05T00:48:14.626Z,29,GR86-016-55,,-61.1,33.53550338745117,-86.61831665039062,-0.174,-1.027,3.24,2.0,,0.0,0.0,
2025-09-05T00:48:14.669Z,29,GR86-016-55,,-59.0,33.535526275634766,-86.6183090209961,-0.178,-1.074,7.41,2.0,,0.0,0.0,
2025-09-05T00:48:14.713Z,29,GR86-016-55,384.0,-58.900000000000006,33.535526275634766,-86.6183090209961,-0.158,-1.05,13.06,2.0,5265.0,0.0,0.0,
2025-09-05T00:48:14.755Z,29,GR86-016-55,,-58.900000000000006,33.535526275634766,-86.6183090209961,-0.169,-1.09,18.08,2.0,,0.0,0.0,94.45
2025-09-05T00:48:14.798Z,29,GR86-016-55,,-58.8,33.53554916381836,-86.61830139160156,-0.154,-1.085,23.44,2.0,,0.0,0.0,
2025-09-05T00:48:14.843Z,29,GR86-016-55,,-58.6,33.53554916381836,-86.61830139160156,-0.12,-1.084,28.24,2.0,,0.0,0.0,
2025-09-05T00:48:14.886Z,29,GR86-016-55,,-57.3,33.53556823730469,-86.61829376220703,-0.105,-1.074,28.42,2.0,,0.0,0.0,
2025-09-05T00:48:14.929Z,29,GR86-016-55,389.0,-55.6,33.53556823730469,-86.61829376220703,-0.101,-1.073,28.58,2.0,5191.0,0.0,0.0,
2025-09-05T00:48:14.973Z,29,GR86-016-55,,-52.3,33.53559112548828,-86.6182861328125,-0.032,-1.092,27.98,2.0,,0.0,0.0,94.14
2025-09-05T00:48:15.015Z,29,GR86-016-55,,-47.900000000000006,33.53559112548828,-86.6182861328125,0.099,-1.099,29.14,2.0,,0.0,0.0,
2025-09-05T00:48:15.058Z,29,GR86-016-55,,-42.0,33.53559112548828,-86.6182861328125,0.068,-1.136,30.64,2.0,,0.0,0.0,
2025-09-05T00:48:15.102Z,29,GR86-016-55,,-30.9,33.53561019897461,-86.61827087402344,0.121,-1.039,25.2,2.0,,0.0,0.0,
2025-09-05T00:48:15.146Z,29,GR86-016-55,394.0,-24.1,33.53561019897461,-86.61827087402344,0.111,-1.092,19.01,2.0,5167.0,0.0,0.0,
2025-09-05T00:48:15.188Z,29,GR86-016-55,,-19.5,33.5356330871582,-86.6182632446289,0.116,-1.026,0.0,2.0,,0.0,0.0,93.25
2025-09-05T00:48:15.232Z,29,GR86-016-55,,-19.8,33.5356330871582,-86.6182632446289,0.106,-1.014,0.0,2.0,,0.0,0.0,
2025-09-05T00:48:15.274Z,29,GR86-016-55,,-30.8,33.53565216064453,-86.61824798583984,0.084,-1.038,0.0,2.0,,0.0,0.0,
2025-09-05T00:48:15.317Z,29,GR86-016-55,,-45.6,33.53565216064453,-86.61824798583984,-0.09,-1.075,0.0,2.0,,0.0,0.0,
2025-09-05T00:48:15.360Z,29,GR86-016-55,399.0,-59.2,33.53565216064453,-86.61824798583984,-0.073,-1.112,0.0,2.0,5397.0,0.0,0.0,
2025-09-05T00:48:15.403Z,29,GR86-016-55,,-70.5,33.53567123413086,-86.61823272705078,-0.209,-1.154,0.0,2.0,,0.0,0.0,92.01
2025-09-05T00:48:15.446Z,29,GR86-016-55,,-70.8,33.53567123413086,-86.61823272705078,-0.241,-1.146,0.0,2.0,,0.0,0.0,
2025-09-05T00:48:15.489Z,29,GR86-016-55,,-70.8,33.53569030761719,-86.61821746826172,-0.195,-1.193,0.0,2.0,,0.0,0.0,
2025-09-05T00:48:15.533Z,29,GR86-016-55,,-69.4,33.53569030761719,-86.61821746826172,-0.199,-1.192,0.37,2.0,,0.0,0.0,
2025-09-05T00:48:15.576Z,29,GR86-016-55,404.0,-68.2,33.53570938110352,-86.61820220947266,-0.21,-1.164,3.65,2.0,5328.0,0.0,0.0,
2025-09-05T00:48:15.618Z,29,GR86-016-55,,-67.0,33.53570938110352,-86.61820220947266,-0.18,-1.131,7.79,2.0,,0.0,0.0,91.87
2025-09-05T00:48:15.662Z,29,GR86-016-55,,-62.2,33.53572463989258,-86.6181869506836,-0.182,-1.121,24.5,2.0,,0.0,0.0,
2025-09-05T00:48:15.704Z,29,GR86-016-55,,-57.3,33.53572463989258,-86.6181869506836,-0.177,-1.15,31.34,2.0,,0.0,0.0,
2025-09-05T00:48:15.749Z,29,GR86-016-55,,-55.0,33.53572463989258,-86.6181869506836,-0.143,-1.163,35.24,2.0,,0.0,0.0,
2025-09-05T00:48:15.792Z,29,GR86-016-55,409.0,-54.900000000000006,33.53573989868164,-86.61817169189453,-0.123,-1.179,42.47,2.0,4939.0,0.0,0.0,
2025-09-05T00:48:15.834Z,29,GR86-016-55,,-55.6,33.53573989868164,-86.61817169189453,-0.099,-1.168,47.36,2.0,,0.0,0.0,91.6
2025-09-05T00:48:15.878Z,29,GR86-016-55,,-56.8,33.53573989868164,-86.61817169189453,-0.094,-1.222,47.48,2.0,,0.0,0.0,
2025-09-05T00:48:15.922Z,29,GR86-016-55,,-55.0,33.5357551574707,-86.61814880371094,0.127,-1.137,46.38,2.0,,0.0,0.0,
2025-09-05T00:48:15.964Z,29,GR86-016-55,,-48.8,33.535770416259766,-86.61813354492188,0.104,-1.131,45.61,2.0,,0.0,0.0,
2025-09-05T00:48:16.007Z,29,GR86-016-55,414.0,-41.1,33.535770416259766,-86.61813354492188,0.162,-1.095,42.18,2.0,4905.0,0.0,0.0,
2025-09-05T00:48:16.050Z,29,GR86-016-55,,-33.800000000000004,33.535770416259766,-86.61813354492188,0.183,-1.096,41.0,2.0,,0.0,0.0,89.45
2025-09-05T00:48:16.094Z,29,GR86-016-55,,-27.0,33.53578567504883,-86.61811065673828,0.168,-1.062,40.79,2.0,,0.0,0.0,
2025-09-05T00:48:16.136Z,29,GR86-016-55,,-21.200000000000003,33.53578567504883,-86.61811065673828,0.154,-1.075,40.29,2.0,,0.0,0.0,
2025-09-05T00:48:16.180Z,29,GR86-016-55,,-18.9,33.535797119140625,-86.61809539794922,0.175,-1.047,40.74,2.0,,0.0,0.0,
2025-09-05T00:48:16.223Z,29,GR86-016-55,419.0,-19.0,33.535797119140625,-86.61809539794922,0.144,-1.075,41.95,2.0,5145.0,0.0,0.0,
2025-09-05T00:48:16.265Z,29,GR86-016-55,,-24.6,33.53580856323242,-86.61807250976562,0.12,-1.036,44.73,2.0,,0.0,0.0,88.77
2025-09-05T00:48:16.308Z,29,GR86-016-55,,-31.200000000000003,33.53580856323242,-86.61807250976562,0.127,-1.143,48.97,2.0,,0.0,0.0,
2025-09-05T00:48:16.352Z,29,GR86-016-55,,-33.6,33.53580856323242,-86.61807250976562,0.134,-1.096,53.86,2.0,,0.0,0.0,
2025-09-05T00:48:16.396Z,29,GR86-016-55,,-33.6,33.53582000732422,-86.61804962158203,0.14,-1.144,55.11,2.0,,0.0,0.0,
2025-09-05T00:48:16.439Z,29,GR86-016-55,424.0,-33.4,33.53582000732422,-86.61804962158203,0.151,-1.125,55.28,2.0,5393.0,0.0,0.0,
2025-09-05T00:48:16.483Z,29,GR86-016-55,,-33.1,33.535831451416016,-86.61802673339844,0.201,-1.15,57.58,2.0,,0.0,0.0,89.38
2025-09-05T00:48:16.525Z,29,GR86-016-55,,-33.0,33.535831451416016,-86.61802673339844,0.194,-1.152,59.72,2.0,,0.0,0.0,
2025-09-05T00:48:16.568Z,29,GR86-016-55,,-33.0,33.53584289550781,-86.61800384521484,0.198,-1.141,64.96000000000001,2.0,,0.0,0.0,
2025-09-05T00:48:16.612Z,29,GR86-016-55,,-32.9,33.53584289550781,-86.61800384521484,0.222,-1.12,76.32000000000001,2.0,,0.0,0.0,
2025-09-05T00:48:16.654Z,29,GR86-016-55,434.0,-32.9,33.53584289550781,-86.61800384521484,0.224,-1.093,97.96,2.0,5496.0,0.0,0.0,
2025-09-05T00:48:16.697Z,29,GR86-016-55,,-32.9,33.535850524902344,-86.61797332763672,0.231,-1.068,100.0,2.0,,0.0,0.0,90.27
2025-09-05T00:48:16.743Z,29,GR86-016-55,,-32.9,33.535850524902344,-86.61797332763672,0.23,-1.039,100.0,2.0,,0.0,0.0,
2025-09-05T00:48:16.786Z,29,GR86-016-55,,-32.800000000000004,33.535858154296875,-86.61795043945312,0.225,-1.082,100.0,2.0,,0.0,0.0,
2025-09-05T00:48:16.829Z,29,GR86-016-55,,-32.7,33.535858154296875,-86.61795043945312,0.243,-1.049,100.0,2.0,,0.0,0.0,
2025-09-05T00:48:16.873Z,29,GR86-016-55,439.0,-32.7,33.535865783691406,-86.61792755126953,0.242,-1.103,100.0,2.0,5522.0,0.0,0.0,
2025-09-05T00:48:16.915Z,29,GR86-016-55,,-35.5,33.535865783691406,-86.61792755126953,0.285,-1.101,100.0,2.0,,0.0,0.0,91.45
2025-09-05T00:48:16.958Z,29,GR86-016-55,,-42.400000000000006,33.535865783691406,-86.61792755126953,0.289,-1.092,100.0,2.0,,0.0,0.0,
2025-09-05T00:48:17.002Z,29,GR86-016-55,,-56.400000000000006,33.53586959838867,-86.6178970336914,0.257,-1.107,100.0,2.0,,0.0,0.0,
2025-09-05T00:48:17.044Z,29,GR86-016-55,,-63.6,33.53586959838867,-86.6178970336914,0.243,-1.094,100.0,2.0,,0.0,0.0,
2025-09-05T00:48:17.087Z,29,GR86-016-55,445.0,-66.9,33.5358772277832,-86.61787414550781,0.225,-1.098,100.0,2.0,5653.0,0.0,0.0,
2025-09-05T00:48:17.130Z,29,GR86-016-55,,-67.0,33.5358772277832,-86.61787414550781,0.2,-1.113,100.0,2.0,,0.0,0.0,92.88
2025-09-05T00:48:17.174Z,29,GR86-016-55,,-66.9,33.53588104248047,-86.61784362792969,0.209,-1.099,100.0,2.0,,0.0,0.0,
2025-09-05T00:48:17.216Z,29,GR86-016-55,,-63.900000000000006,33.53588104248047,-86.61784362792969,0.219,-1.137,100.0,2.0,,0.0,0.0,
2025-09-05T00:48:17.259Z,29,GR86-016-55,,-60.3,33.53588104248047,-86.61784362792969,0.232,-1.107,100.0,2.0,,0.0,0.0,
2025-09-05T00:48:17.303Z,29,GR86-016-55,450.0,-58.0,33.535884857177734,-86.61781311035156,0.229,-1.122,100.0,2.0,5680.0,0.0,0.0,
2025-09-05T00:48:17.345Z,29,GR86-016-55,,-57.900000000000006,33.535884857177734,-86.61781311035156,0.225,-1.09,100.0,2.0,,0.0,0.0,95.01
2025-09-05T00:48:17.388Z,29,GR86-016-55,,-57.900000000000006,33.535884857177734,-86.61779022216797,0.198,-1.158,100.0,2.0,,0.0,0.0,
2025-09-05T00:48:17.432Z,29,GR86-016-55,,-58.3,33.535884857177734,-86.61779022216797,0.205,-1.137,100.0,2.0,,0.0,0.0,
2025-09-05T00:48:17.476Z,29,GR86-016-55,,-59.2,33.535884857177734,-86.61775970458984,0.206,-1.12,100.0,2.0,,0.0,0.0,
2025-09-05T00:48:17.519Z,29,GR86-016-55,455.0,-59.2,33.535884857177734,-86.61775970458984,0.194,-1.15,100.0,2.0,5793.0,0.0,0.0,
2025-09-05T00:48:17.563Z,29,GR86-016-55,,-59.2,33.535884857177734,-86.61772918701172,0.191,-1.175,100.0,2.0,,0.0,0.0,96.94
2025-09-05T00:48:17.605Z,29,GR86-016-55,,-59.0,33.535884857177734,-86.61772918701172,0.21,-1.169,100.0,2.0,,0.0,0.0,
2025-09-05T00:48:17.649Z,29,GR86-016-55,,-58.6,33.535884857177734,-86.61772918701172,0.225,-1.19,100.0,2.0,,0.0,0.0,
2025-09-05T00:48:17.692Z,29,GR86-016-55,,-56.6,33.535884857177734,-86.6176986694336,0.236,-1.134,100.0,2.0,,0.0,0.0,
2025-09-05T00:48:17.734Z,29,GR86-016-55,461.0,-54.2,33.535884857177734,-86.6176986694336,0.206,-1.143,100.0,2.0,5883.0,0.0,0.0,
2025-09-05T00:48:17.777Z,29,GR86-016-55,,-53.1,33.53588104248047,-86.61766815185547,0.227,-1.143,100.0,2.0,,0.0,0.0,99.42
2025-09-05T00:48:17.820Z,29,GR86-016-55,,-53.0,33.53588104248047,-86.61766815185547,0.208,-1.161,100.0,2.0,,0.0,0.0,
2025-09-05T00:48:17.863Z,29,GR86-016-55,,-54.3,33.53588104248047,-86.61766815185547,0.206,-1.181,100.0,2.0,,0.0,0.0,
2025-09-05T00:48:17.906Z,29,GR86-016-55,,-57.8,33.53588104248047,-86.61763763427734,0.219,-1.198,100.0,2.0,,0.0,0.0,
2025-09-05T00:48:17.949Z,29,GR86-016-55,467.0,-61.6,33.53588104248047,-86.61763763427734,0.198,-1.226,100.0,2.0,6018.0,0.0,0.0,
2025-09-05T00:48:17.993Z,29,GR86-016-55,,-64.60000000000001,33.53587341308594,-86.61760711669922,0.202,-1.267,100.0,2.0,,0.0,0.0,101.58
2025-09-05T00:48:18.035Z,29,GR86-016-55,,-66.10000000000001,33.53587341308594,-86.61760711669922,0.214,-1.3,100.0,2.0,,0.0,0.0,
2025-09-05T00:48:18.078Z,29,GR86-016-55,,-66.3,33.53586959838867,-86.6175765991211,0.191,-1.309,100.0,2.0,,0.0,0.0,
2025-09-05T00:48:18.122Z,29,GR86-016-55,,-66.5,33.53586959838867,-86.6175765991211,0.204,-1.272,76.8,2.0,,0.0,0.0,
2025-09-05T00:48:18.164Z,29,GR86-016-55,473.0,-66.8,33.53586196899414,-86.61754608154297,0.203,-1.286,75.63,2.0,6122.0,0.0,0.0,
2025-09-05T00:48:18.207Z,29,GR86-016-55,,-67.3,33.53586196899414,-86.61754608154297,0.16,-1.266,100.0,2.0,,0.0,0.0,103.73
2025-09-05T00:48:18.250Z,29,GR86-016-55,,-68.0,33.53586196899414,-86.61754608154297,0.175,-1.197,100.0,2.0,,0.0,0.0,
2025-09-05T00:48:18.293Z,29,GR86-016-55,,-68.60000000000001,33.53585433959961,-86.61751556396484,0.191,-1.271,100.0,2.0,,0.0,0.0,
2025-09-05T00:48:18.336Z,29,GR86-016-55,,-69.10000000000001,33.53585433959961,-86.61751556396484,0.209,-1.182,100.0,2.0,,0.0,0.0,
2025-09-05T00:48:18.379Z,29,GR86-016-55,479.0,-69.5,33.53584289550781,-86.61748504638672,0.193,-1.187,79.11,2.0,6237.0,0.0,0.0,
2025-09-05T00:48:18.423Z,29,GR86-016-55,,-69.60000000000001,33.53584289550781,-86.61748504638672,0.203,-1.184,36.8,2.0,,0.0,0.0,105.92
2025-09-05T00:48:18.465Z,29,GR86-016-55,,-69.7,33.53583526611328,-86.6174545288086,0.193,-1.136,49.03,2.0,,0.0,0.0,
2025-09-05T00:48:18.508Z,29,GR86-016-55,,-69.9,33.53583526611328,-86.6174545288086,0.142,-1.183,65.1,2.0,,0.0,0.0,
2025-09-05T00:48:18.552Z,29,GR86-016-55,,-69.9,33.53583526611328,-86.6174545288086,0.116,-1.281,89.71000000000001,2.0,,0.0,0.0,
2025-09-05T00:48:18.594Z,29,GR86-016-55,485.0,-69.9,33.535823822021484,-86.61742401123047,0.06,-1.328,100.0,2.0,6330.0,0.0,0.0,
2025-09-05T00:48:18.637Z,29,GR86-016-55,,-69.9,33.535823822021484,-86.61742401123047,0.051,-1.353,100.0,2.0,,0.0,0.0,108.1
2025-09-05T00:48:18.682Z,29,GR86-016-55,,-69.9,33.53580856323242,-86.61740112304688,0.179,-1.337,100.0,2.0,,0.0,0.0,
2025-09-05T00:48:18.725Z,29,GR86-016-55,,-69.9,33.53580856323242,-86.61740112304688,0.222,-1.294,100.0,2.0,,0.0,0.0,
2025-09-05T00:48:18.769Z,29,GR86-016-55,,-69.9,33.535797119140625,-86.61737060546875,0.209,-1.303,100.0,2.0,,0.0,0.0,
2025-09-05T00:48:18.813Z,29,GR86-016-55,491.0,-69.60000000000001,33.535797119140625,-86.61737060546875,0.206,-1.226,100.0,2.0,6465.0,0.0,0.0,
2025-09-05T00:48:18.898Z,29,GR86-016-55,,-69.3,33.535797119140625,-86.61737060546875,0.2,-1.213,100.0,2.0,,0.0,0.0,111.75
2025-09-05T00:48:18.943Z,29,GR86-016-55,,-68.10000000000001,33.53578186035156,-86.61734008789062,0.163,-1.194,100.0,2.0,,0.0,0.0,
2025-09-05T00:48:18.986Z,29,GR86-016-55,,-67.2,33.535762786865234,-86.61731719970703,0.212,-1.189,100.0,2.0,,0.0,0.0,
2025-09-05T00:48:19.029Z,29,GR86-016-55,497.0,-65.8,33.535762786865234,-86.61731719970703,0.189,-1.152,100.0,2.0,6591.0,0.0,0.0,
2025-09-05T00:48:19.073Z,29,GR86-016-55,,-63.400000000000006,33.53574752807617,-86.6172866821289,0.197,-1.153,100.0,2.0,,0.0,0.0,113.43
2025-09-05T00:48:19.115Z,29,GR86-016-55,,-62.2,33.53574752807617,-86.6172866821289,0.207,-1.151,100.0,2.0,,0.0,0.0,
2025-09-05T00:48:19.158Z,29,GR86-016-55,,-61.8,33.53574752807617,-86.6172866821289,0.171,-1.234,100.0,2.0,,0.0,0.0,
2025-09-05T00:48:19.203Z,29,GR86-016-55,,-59.8,33.535728454589844,-86.61726379394531,0.174,-1.285,100.0,2.0,,0.0,0.0,
2025-09-05T00:48:19.246Z,29,GR86-016-55,510.0,-57.8,33.535728454589844,-86.61726379394531,0.187,-1.323,100.0,2.0,6811.0,0.0,0.0,
2025-09-05T00:48:19.289Z,29,GR86-016-55,,-56.6,33.53570938110352,-86.61723327636719,0.205,-1.348,100.0,2.0,,0.0,0.0,114.88
2025-09-05T00:48:19.333Z,29,GR86-016-55,,-56.2,33.53570938110352,-86.61723327636719,0.204,-1.381,100.0,2.0,,0.0,0.0,
2025-09-05T00:48:19.376Z,29,GR86-016-55,,-56.2,33.53569030761719,-86.6172103881836,0.199,-1.373,100.0,2.0,,0.0,0.0,
2025-09-05T00:48:19.418Z,29,GR86-016-55,,-56.5,33.53569030761719,-86.6172103881836,0.208,-1.342,100.0,2.0,,0.0,0.0,
2025-09-05T00:48:19.462Z,29,GR86-016-55,517.0,-61.7,33.535667419433594,-86.6171875,0.181,-1.377,100.0,2.0,6934.0,0.0,0.0,
2025-09-05T00:48:19.505Z,29,GR86-016-55,,-63.5,33.535667419433594,-86.6171875,0.172,-1.384,100.0,2.0,,0.0,0.0,116.79
2025-09-05T00:48:19.548Z,29,GR86-016-55,,-63.8,33.535667419433594,-86.6171875,0.176,-1.43,100.0,2.0,,0.0,0.0,
2025-09-05T00:48:19.592Z,29,GR86-016-55,,-63.8,33.53564453125,-86.6171646118164,0.177,-1.447,100.0,2.0,,0.0,0.0,
2025-09-05T00:48:19.634Z,29,GR86-016-55,,-63.8,33.53564453125,-86.6171646118164,0.195,-1.412,100.0,2.0,,0.0,0.0,
2025-09-05T00:48:19.678Z,29,GR86-016-55,523.0,-63.8,33.535621643066406,-86.61714172363281,0.181,-1.471,100.0,2.0,7009.0,0.0,0.0,
2025-09-05T00:48:19.722Z,29,GR86-016-55,,-61.5,33.535621643066406,-86.61714172363281,0.167,-1.465,100.0,2.0,,0.0,0.0,119.04
2025-09-05T00:48:19.765Z,29,GR86-016-55,,-59.2,33.53559875488281,-86.61711883544922,0.176,-1.499,100.0,2.0,,0.0,0.0,
2025-09-05T00:48:19.809Z,29,GR86-016-55,,-59.0,33.53559875488281,-86.61711883544922,0.206,-1.44,100.0,2.0,,0.0,0.0,
2025-09-05T00:48:19.852Z,29,GR86-016-55,,-58.900000000000006,33.53559875488281,-86.61711883544922,0.194,-1.44,100.0,2.0,,0.0,0.0,
2025-09-05T00:48:19.894Z,29,GR86-016-55,530.0,-58.7,33.53557586669922,-86.61710357666016,0.2,-1.338,100.0,2.0,7099.0,0.0,0.0,
2025-09-05T00:48:19.937Z,29,GR86-016-55,,-58.5,33.53557586669922,-86.61710357666016,0.185,-1.426,100.0,2.0,,0.0,0.0,120.58
2025-09-05T00:48:19.980Z,29,GR86-016-55,,-58.0,33.53554916381836,-86.61708068847656,0.177,-1.384,100.0,2.0,,0.0,0.0,
2025-09-05T00:48:20.023Z,29,GR86-016-55,,-57.7,33.53554916381836,-86.61708068847656,0.214,-1.368,100.0,2.0,,0.0,0.0,
2025-09-05T00:48:20.066Z,29,GR86-016-55,,-57.7,33.5355224609375,-86.6170654296875,0.187,-1.324,100.0,2.0,,0.0,0.0,
2025-09-05T00:48:20.109Z,29,GR86-016-55,537.0,-57.6,33.5355224609375,-86.6170654296875,0.201,-1.288,100.0,2.0,7162.0,0.0,0.0,
2025-09-05T00:48:20.153Z,29,GR86-016-55,,-57.3,33.5355224609375,-86.6170654296875,0.171,-1.354,100.0,2.0,,0.0,0.0,122.4
2025-09-05T00:48:20.196Z,29,GR86-016-55,,-56.1,33.53549575805664,-86.61705017089844,0.174,-1.383,100.0,2.0,,0.0,0.0,
2025-09-05T00:48:20.238Z,29,GR86-016-55,,-55.1,33.53549575805664,-86.61705017089844,0.168,-1.342,100.0,2.0,,0.0,0.0,
2025-09-05T00:48:20.282Z,29,GR86-016-55,,-54.6,33.53546524047852,-86.61703491210938,0.124,-1.329,100.0,2.0,,0.0,0.0,
2025-09-05T00:48:20.326Z,29,GR86-016-55,544.0,-54.5,33.53546524047852,-86.61703491210938,-0.105,-1.281,100.0,3.0,7234.0,0.0,0.0,
2025-09-05T00:48:20.369Z,29,GR86-016-55,,-53.900000000000006,33.535438537597656,-86.61701965332031,0.401,-1.174,100.0,3.0,,0.0,0.0,124.0
2025-09-05T00:48:20.413Z,29,GR86-016-55,,-53.3,33.535438537597656,-86.61701965332031,0.397,-1.249,100.0,3.0,,0.0,0.0,
2025-09-05T00:48:20.455Z,29,GR86-016-55,,-53.1,33.535438537597656,-86.61701965332031,0.204,-1.319,100.0,3.0,,0.0,0.0,
2025-09-05T00:48:20.498Z,29,GR86-016-55,,-50.8,33.53540802001953,-86.61701202392578,0.32,-1.235,100.0,3.0,,0.0,0.0,
2025-09-05T00:48:20.543Z,29,GR86-016-55,551.0,-44.1,33.53540802001953,-86.61701202392578,0.121,-1.471,100.0,3.0,7282.0,0.0,0.0,
2025-09-05T00:48:20.586Z,29,GR86-016-55,,-41.1,33.535377502441406,-86.61699676513672,0.155,-1.303,100.0,3.0,,0.0,0.0,124.61
2025-09-05T00:48:20.629Z,29,GR86-016-55,,-40.0,33.535377502441406,-86.61699676513672,0.137,-1.375,100.0,3.0,,0.0,0.0,
2025-09-05T00:48:20.673Z,29,GR86-016-55,,-39.7,33.53534698486328,-86.61698913574219,0.201,-1.278,100.0,3.0,,0.0,0.0,
2025-09-05T00:48:20.715Z,29,GR86-016-55,,-39.5,33.53534698486328,-86.61698913574219,0.211,-1.109,100.0,3.0,,0.0,0.0,
2025-09-05T00:48:20.758Z,29,GR86-016-55,558.0,-39.400000000000006,33.53534698486328,-86.61698913574219,0.185,-1.08,100.0,3.0,6193.0,0.0,0.0,
2025-09-05T00:48:20.802Z,29,GR86-016-55,,-39.1,33.53531646728516,-86.61698150634766,0.191,-0.929,100.0,3.0,,0.0,0.0,126.48
2025-09-05T00:48:20.846Z,29,GR86-016-55,,-38.8,33.53531646728516,-86.61698150634766,0.162,-0.933,100.0,3.0,,0.0,0.0,
2025-09-05T00:48:20.888Z,29,GR86-016-55,,-36.7,33.53528594970703,-86.61697387695312,0.189,-0.878,100.0,3.0,,0.0,0.0,
2025-09-05T00:48:20.932Z,29,GR86-016-55,,-33.300000000000004,33.53528594970703,-86.61697387695312,0.183,-0.881,100.0,3.0,,0.0,0.0,
2025-09-05T00:48:20.974Z,29,GR86-016-55,565.0,-30.6,33.535255432128906,-86.6169662475586,0.178,-0.912,100.0,3.0,6085.0,0.0,0.0,
2025-09-05T00:48:21.017Z,29,GR86-016-55,,-29.200000000000003,33.535255432128906,-86.6169662475586,0.183,-0.933,100.0,3.0,,0.0,0.0,129.07
2025-09-05T00:48:21.060Z,29,GR86-016-55,,-28.200000000000003,33.535255432128906,-86.6169662475586,0.216,-0.879,100.0,3.0,,0.0,0.0,
2025-09-05T00:48:21.103Z,29,GR86-016-55,,-27.4,33.53522491455078,-86.61695861816406,0.191,-0.806,100.0,3.0,,0.0,0.0,
2025-09-05T00:48:21.146Z,29,GR86-016-55,,-27.200000000000003,33.53522491455078,-86.61695861816406,0.17,-0.837,100.0,3.0,,0.0,0.0,
2025-09-05T00:48:21.189Z,29,GR86-016-55,572.0,-27.1,33.535194396972656,-86.61695861816406,0.212,-0.781,100.0,3.0,6111.0,0.0,0.0,
2025-09-05T00:48:21.233Z,29,GR86-016-55,,-27.0,33.535194396972656,-86.61695861816406,0.141,-0.795,100.0,3.0,,0.0,0.0,128.99
2025-09-05T00:48:21.276Z,29,GR86-016-55,,-27.1,33.535160064697266,-86.61695098876953,0.161,-0.834,100.0,3.0,,0.0,0.0,
2025-09-05T00:48:21.318Z,29,GR86-016-55,,-27.4,33.535160064697266,-86.61695098876953,0.209,-0.872,100.0,3.0,,0.0,0.0,
2025-09-05T00:48:21.362Z,29,GR86-016-55,,-27.8,33.53512954711914,-86.61695098876953,0.227,-0.963,100.0,3.0,,0.0,0.0,
2025-09-05T00:48:21.404Z,29,GR86-016-55,580.0,-28.8,33.53512954711914,-86.61695098876953,0.222,-0.998,100.0,3.0,6191.0,0.0,0.0,
2025-09-05T00:48:21.447Z,29,GR86-016-55,,-30.0,33.53512954711914,-86.61695098876953,0.173,-1.055,100.0,3.0,,0.0,0.0,131.43
2025-09-05T00:48:21.490Z,29,GR86-016-55,,-31.1,33.53509521484375,-86.61695098876953,0.169,-1.087,100.0,3.0,,0.0,0.0,
2025-09-05T00:48:21.533Z,29,GR86-016-55,,-31.9,33.53509521484375,-86.61695098876953,0.181,-1.102,100.0,3.0,,0.0,0.0,
2025-09-05T00:48:21.576Z,29,GR86-016-55,,-32.0,33.535064697265625,-86.61695098876953,0.164,-1.08,100.0,3.0,,0.0,0.0,
2025-09-05T00:48:21.620Z,29,GR86-016-55,587.0,-32.0,33.535064697265625,-86.61695098876953,0.167,-1.059,100.0,3.0,6297.0,0.0,0.0,
2025-09-05T00:48:21.663Z,29,GR86-016-55,,-32.2,33.535030364990234,-86.61695098876953,0.179,-1.136,100.0,3.0,,0.0,0.0,133.1
2025-09-05T00:48:21.705Z,29,GR86-016-55,,-32.7,33.535030364990234,-86.61695098876953,0.195,-1.041,100.0,3.0,,0.0,0.0,
2025-09-05T00:48:21.748Z,29,GR86-016-55,,-33.2,33.535030364990234,-86.61695098876953,0.197,-0.922,100.0,3.0,,0.0,0.0,
2025-09-05T00:48:21.792Z,29,GR86-016-55,,-33.300000000000004,33.534996032714844,-86.61695098876953,0.192,-0.871,100.0,3.0,,0.0,0.0,
2025-09-05T00:48:21.834Z,29,GR86-016-55,595.0,-33.1,33.534996032714844,-86.61695098876953,0.144,-0.8290000000000001,100.0,3.0,6317.0,0.0,0.0,
2025-09-05T00:48:21.878Z,29,GR86-016-55,,-33.0,33.534996032714844,-86.61695098876953,0.184,-0.8300000000000001,100.0,3.0,,0.0,0.0,134.84
2025-09-05T00:48:21.922Z,29,GR86-016-55,,-32.9,33.53496170043945,-86.61695861816406,0.194,-0.786,100.0,3.0,,0.0,0.0,
2025-09-05T00:48:21.965Z,29,GR86-016-55,,-32.800000000000004,33.53493118286133,-86.61695861816406,0.201,-0.766,100.0,3.0,,0.0,0.0,
2025-09-05T00:48:22.009Z,29,GR86-016-55,,-32.7,33.53493118286133,-86.61695861816406,0.185,-0.788,100.0,3.0,,0.0,0.0,
2025-09-05T00:48:22.052Z,29,GR86-016-55,610.0,-32.6,33.53493118286133,-86.61695861816406,0.139,-0.733,100.0,3.0,6399.0,0.0,0.0,
2025-09-05T00:48:22.096Z,29,GR86-016-55,,-32.6,33.53489685058594,-86.6169662475586,0.202,-0.804,100.0,3.0,,0.0,0.0,136.49
2025-09-05T00:48:22.139Z,29,GR86-016-55,,-32.4,33.53489685058594,-86.6169662475586,0.203,-0.802,100.0,3.0,,0.0,0.0,
2025-09-05T00:48:22.183Z,29,GR86-016-55,,-32.2,33.53486251831055,-86.61697387695312,0.139,-0.776,100.0,3.0,,0.0,0.0,
2025-09-05T00:48:22.225Z,29,GR86-016-55,,-32.2,33.53486251831055,-86.61697387695312,0.224,-0.799,100.0,3.0,,0.0,0.0,
2025-09-05T00:48:22.269Z,29,GR86-016-55,618.0,-32.2,33.53482818603516,-86.61698150634766,0.188,-0.725,100.0,3.0,6464.0,0.0,0.0,
2025-09-05T00:48:22.312Z,29,GR86-016-55,,-32.1,33.53482818603516,-86.61698150634766,0.17,-0.735,100.0,3.0,,0.0,0.0,137.57
2025-09-05T00:48:22.354Z,29,GR86-016-55,,-32.0,33.53482818603516,-86.61698150634766,0.192,-0.736,100.0,3.0,,0.0,0.0,
2025-09-05T00:48:22.397Z,29,GR86-016-55,,-32.0,33.53479766845703,-86.61698913574219,0.202,-0.729,100.0,3.0,,0.0,0.0,
2025-09-05T00:48:22.440Z,29,GR86-016-55,,-32.0,33.53479766845703,-86.61698913574219,0.197,-0.793,100.0,3.0,,0.0,0.0,
2025-09-05T00:48:22.483Z,29,GR86-016-55,625.0,-32.0,33.53476333618164,-86.61699676513672,0.203,-0.79,100.0,3.0,6495.0,0.0,0.0,
2025-09-05T00:48:22.526Z,29,GR86-016-55,,-31.9,33.53476333618164,-86.61699676513672,0.206,-0.81,100.0,3.0,,0.0,0.0,138.88
2025-09-05T00:48:22.569Z,29,GR86-016-55,,-31.8,33.53472900390625,-86.61700439453125,0.174,-0.799,100.0,3.0,,0.0,0.0,
2025-09-05T00:48:22.613Z,29,GR86-016-55,,-31.8,33.53472900390625,-86.61700439453125,0.197,-0.766,100.0,3.0,,0.0,0.0,
2025-09-05T00:48:22.655Z,29,GR86-016-55,,-31.8,33.53472900390625,-86.61700439453125,0.191,-0.785,100.0,3.0,,0.0,0.0,
2025-09-05T00:48:22.698Z,29,GR86-016-55,633.0,-31.700000000000003,33.534698486328125,-86.61701965332031,0.21,-0.759,100.0,3.0,6544.0,0.0,0.0,
2025-09-05T00:48:22.743Z,29,GR86-016-55,,-31.6,33.534698486328125,-86.61701965332031,0.215,-0.751,100.0,3.0,,0.0,0.0,139.71
2025-09-05T00:48:22.786Z,29,GR86-016-55,,-31.5,33.534664154052734,-86.61702728271484,0.201,-0.749,100.0,3.0,,0.0,0.0,
2025-09-05T00:48:22.829Z,29,GR86-016-55,,-31.1,33.534664154052734,-86.61702728271484,0.173,-0.739,100.0,3.0,,0.0,0.0,
2025-09-05T00:48:22.873Z,29,GR86-016-55,,-30.4,33.534664154052734,-86.61702728271484,0.19,-0.731,100.0,3.0,,0.0,0.0,
2025-09-05T00:48:22.915Z,29,GR86-016-55,641.0,-29.5,33.534629821777344,-86.6170425415039,0.207,-0.734,100.0,3.0,6578.0,0.0,0.0,
2025-09-05T00:48:22.959Z,29,GR86-016-55,,-27.8,33.534629821777344,-86.6170425415039,0.21,-0.6990000000000001,100.0,3.0,,0.0,0.0,140.66
2025-09-05T00:48:23.002Z,29,GR86-016-55,,-24.700000000000003,33.53459930419922,-86.61705780029297,0.217,-0.6960000000000001,100.0,3.0,,0.0,0.0,
2025-09-05T00:48:23.044Z,29,GR86-016-55,,-23.6,33.53459930419922,-86.61705780029297,0.203,-0.676,100.0,3.0,,0.0,0.0,
2025-09-05T00:48:23.087Z,29,GR86-016-55,,-22.8,33.53456497192383,-86.61707305908203,0.209,-0.595,100.0,3.0,,0.0,0.0,
2025-09-05T00:48:23.130Z,29,GR86-016-55,649.0,-21.9,33.53456497192383,-86.61707305908203,0.177,-0.609,100.0,3.0,6618.0,0.0,0.0,
2025-09-05T00:48:23.174Z,29,GR86-016-55,,-20.6,33.5345344543457,-86.6170883178711,0.215,-0.547,100.0,3.0,,0.0,0.0,141.27
2025-09-05T00:48:23.216Z,29,GR86-016-55,,-19.3,33.5345344543457,-86.6170883178711,0.214,-0.5630000000000001,100.0,3.0,,0.0,0.0,
2025-09-05T00:48:23.259Z,29,GR86-016-55,,-18.2,33.5345344543457,-86.6170883178711,0.222,-0.551,100.0,3.0,,0.0,0.0,
2025-09-05T00:48:23.303Z,29,GR86-016-55,,-16.400000000000002,33.53450012207031,-86.61710357666016,0.224,-0.474,100.0,3.0,,0.0,0.0,
2025-09-05T00:48:23.345Z,29,GR86-016-55,657.0,-15.2,33.53450012207031,-86.61710357666016,0.194,-0.457,100.0,3.0,6652.0,0.0,0.0,
2025-09-05T00:48:23.388Z,29,GR86-016-55,,-14.5,33.53446960449219,-86.61711883544922,0.189,-0.38,100.0,3.0,,0.0,0.0,141.73
2025-09-05T00:48:23.432Z,29,GR86-016-55,,-13.6,33.53446960449219,-86.61711883544922,0.197,-0.34,100.0,3.0,,0.0,0.0,
2025-09-05T00:48:23.476Z,29,GR86-016-55,,-13.2,33.5344352722168,-86.61713409423828,0.216,-0.333,100.0,3.0,,0.0,0.0,
2025-09-05T00:48:23.518Z,29,GR86-016-55,,-13.1,33.5344352722168,-86.61713409423828,0.211,-0.377,100.0,3.0,,0.0,0.0,
2025-09-05T00:48:23.562Z,29,GR86-016-55,665.0,-13.1,33.53440475463867,-86.61715698242188,0.258,-0.403,100.0,3.0,6675.0,0.0,0.0,
2025-09-05T00:48:23.604Z,29,GR86-016-55,,-13.1,33.53440475463867,-86.61715698242188,0.217,-0.425,100.0,3.0,,0.0,0.0,142.16
2025-09-05T00:48:23.649Z,29,GR86-016-55,,-12.9,33.53440475463867,-86.61715698242188,0.18,-0.369,100.0,3.0,,0.0,0.0,
2025-09-05T00:48:23.692Z,29,GR86-016-55,,-12.7,33.53437042236328,-86.61717224121094,0.185,-0.323,100.0,3.0,,0.0,0.0,
2025-09-05T00:48:23.734Z,29,GR86-016-55,,-12.4,33.53437042236328,-86.61717224121094,0.195,-0.324,100.0,3.0,,0.0,0.0,
2025-09-05T00:48:23.778Z,29,GR86-016-55,673.0,-12.0,33.53433990478516,-86.61719512939453,0.223,-0.342,100.0,3.0,6696.0,0.0,0.0,
2025-09-05T00:48:23.822Z,29,GR86-016-55,,-11.6,33.53433990478516,-86.61719512939453,0.228,-0.357,100.0,3.0,,0.0,0.0,142.5
2025-09-05T00:48:23.864Z,29,GR86-016-55,,-11.3,33.53433990478516,-86.61719512939453,0.254,-0.425,100.0,3.0,,0.0,0.0,
2025-09-05T00:48:23.907Z,29,GR86-016-55,,-11.1,33.534305572509766,-86.6172103881836,0.24,-0.366,100.0,3.0,,0.0,0.0,
2025-09-05T00:48:23.950Z,29,GR86-016-55,,-11.1,33.534305572509766,-86.6172103881836,0.183,-0.359,100.0,3.0,,0.0,0.0,
2025-09-05T00:48:23.993Z,29,GR86-016-55,681.0,-11.1,33.53427505493164,-86.61723327636719,0.164,-0.326,100.0,3.0,6713.0,0.0,0.0,
2025-09-05T00:48:24.079Z,29,GR86-016-55,,-11.1,33.53427505493164,-86.61723327636719,0.183,-0.347,100.0,3.0,,0.0,0.0,142.98
2025-09-05T00:48:24.123Z,29,GR86-016-55,,-11.0,33.53424453735352,-86.61724853515625,0.245,-0.358,100.0,3.0,,0.0,0.0,
2025-09-05T00:48:24.165Z,29,GR86-016-55,,-10.9,33.534210205078125,-86.61727142333984,0.191,-0.423,100.0,3.0,,0.0,0.0,
2025-09-05T00:48:24.208Z,29,GR86-016-55,689.0,-10.9,33.534210205078125,-86.61727142333984,0.212,-0.409,100.0,3.0,6794.0,0.0,0.0,
2025-09-05T00:48:24.252Z,29,GR86-016-55,,-10.2,33.534210205078125,-86.61727142333984,0.182,-0.475,100.0,3.0,,0.0,0.0,143.98
2025-09-05T00:48:24.294Z,29,GR86-016-55,,-8.3,33.5341796875,-86.61729431152344,0.254,-0.474,100.0,3.0,,0.0,0.0,
2025-09-05T00:48:24.337Z,29,GR86-016-55,,-6.800000000000001,33.5341796875,-86.61729431152344,0.21,-0.444,100.0,3.0,,0.0,0.0,
2025-09-05T00:48:24.380Z,29,GR86-016-55,,-6.300000000000001,33.534149169921875,-86.61731719970703,0.218,-0.432,100.0,3.0,,0.0,0.0,
2025-09-05T00:48:24.423Z,29,GR86-016-55,697.0,-6.4,33.534149169921875,-86.61731719970703,0.189,-0.35,100.0,3.0,6855.0,0.0,0.0,
2025-09-05T00:48:24.466Z,29,GR86-016-55,,-8.8,33.53411865234375,-86.61734008789062,0.211,-0.353,100.0,3.0,,0.0,0.0,144.89
2025-09-05T00:48:24.509Z,29,GR86-016-55,,-10.6,33.53411865234375,-86.61734008789062,0.236,-0.359,100.0,3.0,,0.0,0.0,
2025-09-05T00:48:24.553Z,29,GR86-016-55,,-11.0,33.53411865234375,-86.61734008789062,0.211,-0.299,100.0,3.0,,0.0,0.0,
2025-09-05T00:48:24.596Z,29,GR86-016-55,,-10.9,33.534088134765625,-86.61736297607422,0.194,-0.289,100.0,3.0,,0.0,0.0,
2025-09-05T00:48:24.639Z,29,GR86-016-55,705.0,-10.9,33.534088134765625,-86.61736297607422,0.168,-0.29,100.0,3.0,6880.0,0.0,0.0,
2025-09-05T00:48:24.683Z,29,GR86-016-55,,-11.1,33.5340576171875,-86.61738586425781,0.165,-0.305,100.0,3.0,,0.0,0.0,145.94
2025-09-05T00:48:24.726Z,29,GR86-016-55,,-11.0,33.5340576171875,-86.61738586425781,0.214,-0.434,100.0,3.0,,0.0,0.0,
2025-09-05T00:48:24.769Z,29,GR86-016-55,,-10.9,33.534027099609375,-86.6174087524414,0.233,-0.523,100.0,3.0,,0.0,0.0,
2025-09-05T00:48:24.813Z,29,GR86-016-55,,-10.8,33.534027099609375,-86.6174087524414,0.248,-0.523,100.0,3.0,,0.0,0.0,
2025-09-05T00:48:24.855Z,29,GR86-016-55,721.0,-11.1,33.534027099609375,-86.6174087524414,0.182,-0.589,100.0,3.0,6952.0,0.0,0.0,
2025-09-05T00:48:24.898Z,29,GR86-016-55,,-11.1,33.533992767333984,-86.617431640625,0.203,-0.61,100.0,3.0,,0.0,0.0,146.94
2025-09-05T00:48:24.943Z,29,GR86-016-55,,-10.9,33.533992767333984,-86.617431640625,0.213,-0.596,100.0,3.0,,0.0,0.0,
2025-09-05T00:48:24.986Z,29,GR86-016-55,,-11.0,33.53396224975586,-86.6174545288086,0.212,-0.545,100.0,3.0,,0.0,0.0,
2025-09-05T00:48:25.029Z,29,GR86-016-55,,-11.5,33.53396224975586,-86.6174545288086,0.22,-0.461,100.0,3.0,,0.0,0.0,
2025-09-05T00:48:25.073Z,29,GR86-016-55,729.0,-12.2,33.533931732177734,-86.61747741699219,0.188,-0.396,100.0,3.0,6971.0,0.0,0.0,
2025-09-05T00:48:25.115Z,29,GR86-016-55,,-12.5,33.533931732177734,-86.61747741699219,0.167,-0.358,100.0,3.0,,0.0,0.0,147.98
2025-09-05T00:48:25.159Z,29,GR86-016-55,,-12.7,33.533931732177734,-86.61747741699219,0.183,-0.333,100.0,3.0,,0.0,0.0,
2025-09-05T00:48:25.203Z,29,GR86-016-55,,-12.7,33.533905029296875,-86.61750030517578,0.196,-0.37,100.0,3.0,,0.0,0.0,
2025-09-05T00:48:25.246Z,29,GR86-016-55,,-12.7,33.533905029296875,-86.61750030517578,0.17,-0.391,100.0,3.0,,0.0,0.0,
2025-09-05T00:48:25.289Z,29,GR86-016-55,738.0,-12.8,33.53387451171875,-86.6175308227539,0.184,-0.429,100.0,3.0,7002.0,0.0,0.0,
2025-09-05T00:48:25.333Z,29,GR86-016-55,,-12.7,33.53387451171875,-86.6175308227539,0.193,-0.459,100.0,3.0,,0.0,0.0,149.8
2025-09-05T00:48:25.376Z,29,GR86-016-55,,-12.7,33.533843994140625,-86.6175537109375,0.215,-0.501,100.0,3.0,,0.0,0.0,
2025-09-05T00:48:25.419Z,29,GR86-016-55,,-12.5,33.533843994140625,-86.6175537109375,0.192,-0.536,100.0,3.0,,0.0,0.0,
2025-09-05T00:48:25.462Z,29,GR86-016-55,,-12.7,33.5338134765625,-86.61758422851562,0.182,-0.528,100.0,3.0,,0.0,0.0,
2025-09-05T00:48:25.505Z,29,GR86-016-55,746.0,-12.8,33.5338134765625,-86.61758422851562,0.197,-0.53,100.0,3.0,7100.0,0.0,0.0,
2025-09-05T00:48:25.548Z,29,GR86-016-55,,-12.7,33.5338134765625,-86.61758422851562,0.185,-0.525,100.0,3.0,,0.0,0.0,150.69
2025-09-05T00:48:25.592Z,29,GR86-016-55,,-12.6,33.533782958984375,-86.61760711669922,0.183,-0.511,100.0,3.0,,0.0,0.0,
2025-09-05T00:48:25.634Z,29,GR86-016-55,,-12.5,33.533782958984375,-86.61760711669922,0.173,-0.49,100.0,3.0,,0.0,0.0,
2025-09-05T00:48:25.678Z,29,GR86-016-55,,-12.5,33.53375244140625,-86.61763763427734,0.158,-0.459,100.0,3.0,,0.0,0.0,
2025-09-05T00:48:25.722Z,29,GR86-016-55,755.0,-12.5,33.53375244140625,-86.61763763427734,0.166,-0.472,100.0,3.0,7132.0,0.0,0.0,
2025-09-05T00:48:25.764Z,29,GR86-016-55,,-12.4,33.533721923828125,-86.61766815185547,0.148,-0.457,100.0,3.0,,0.0,0.0,152.01
2025-09-05T00:48:25.807Z,29,GR86-016-55,,-12.4,33.533721923828125,-86.61766815185547,0.179,-0.449,100.0,3.0,,0.0,0.0,
2025-09-05T00:48:25.850Z,29,GR86-016-55,,-12.2,33.533721923828125,-86.61766815185547,0.186,-0.474,100.0,3.0,,0.0,0.0,
2025-09-05T00:48:25.893Z,29,GR86-016-55,,-12.1,33.533695220947266,-86.6176986694336,0.215,-0.499,100.0,3.0,,0.0,0.0,
2025-09-05T00:48:25.936Z,29,GR86-016-55,763.0,-12.0,33.533695220947266,-86.6176986694336,0.134,-0.518,100.0,4.0,7184.0,0.0,0.0,
2025-09-05T00:48:25.980Z,29,GR86-016-55,,-12.0,33.53366470336914,-86.61772155761719,-0.125,-0.459,100.0,4.0,,0.0,0.0,153.14
2025-09-05T00:48:26.023Z,29,GR86-016-55,,-11.7,33.53366470336914,-86.61772155761719,0.477,-0.451,100.0,4.0,,0.0,0.0,
2025-09-05T00:48:26.065Z,29,GR86-016-55,,-11.7,33.533634185791016,-86.61775207519531,0.194,-0.517,100.0,4.0,,0.0,0.0,
2025-09-05T00:48:26.109Z,29,GR86-016-55,,-11.6,33.533634185791016,-86.61775207519531,0.049,-0.404,100.0,4.0,,0.0,0.0,
2025-09-05T00:48:26.152Z,29,GR86-016-55,772.0,-11.5,33.533634185791016,-86.61775207519531,0.055,-0.508,100.0,4.0,7253.0,0.0,0.0,
2025-09-05T00:48:26.194Z,29,GR86-016-55,,-11.2,33.53360748291016,-86.61778259277344,0.17,-0.478,100.0,4.0,,0.0,0.0,154.20000000000002
2025-09-05T00:48:26.238Z,29,GR86-016-55,,-11.1,33.53360748291016,-86.61778259277344,0.214,-0.358,100.0,4.0,,0.0,0.0,
2025-09-05T00:48:26.282Z,29,GR86-016-55,,-10.9,33.53357696533203,-86.61781311035156,0.124,-0.419,100.0,4.0,,0.0,0.0,
2025-09-05T00:48:26.326Z,29,GR86-016-55,,-10.7,33.53357696533203,-86.61781311035156,0.107,-0.339,100.0,4.0,,0.0,0.0,
2025-09-05T00:48:26.369Z,29,GR86-016-55,780.0,-10.0,33.53355026245117,-86.61785125732422,0.152,-0.33,100.0,4.0,6189.0,0.0,0.0,
2025-09-05T00:48:26.413Z,29,GR86-016-55,,-9.5,33.53355026245117,-86.61785125732422,0.134,-0.33,100.0,4.0,,0.0,0.0,155.26
2025-09-05T00:48:26.455Z,29,GR86-016-55,,-9.4,33.53355026245117,-86.61785125732422,0.142,-0.328,100.0,4.0,,0.0,0.0,
2025-09-05T00:48:26.498Z,29,GR86-016-55,,-9.4,33.53351974487305,-86.61788177490234,0.147,-0.37,100.0,4.0,,0.0,0.0,
2025-09-05T00:48:26.543Z,29,GR86-016-55,,-9.4,33.53351974487305,-86.61788177490234,0.153,-0.34,100.0,4.0,,0.0,0.0,
2025-09-05T00:48:26.586Z,29,GR86-016-55,789.0,-9.5,33.53349304199219,-86.61791229248047,0.121,-0.331,100.0,4.0,6127.0,0.0,0.0,
2025-09-05T00:48:26.629Z,29,GR86-016-55,,-9.5,33.53349304199219,-86.61791229248047,0.16,-0.331,100.0,4.0,,0.0,0.0,156.44
2025-09-05T00:48:26.673Z,29,GR86-016-55,,-9.4,33.53346252441406,-86.6179428100586,0.127,-0.358,100.0,4.0,,0.0,0.0,
2025-09-05T00:48:26.715Z,29,GR86-016-55,,-9.3,33.53346252441406,-86.6179428100586,0.181,-0.36,100.0,4.0,,0.0,0.0,
2025-09-05T00:48:26.758Z,29,GR86-016-55,,-9.3,33.53346252441406,-86.6179428100586,0.134,-0.326,100.0,4.0,,0.0,0.0,
2025-09-05T00:48:26.802Z,29,GR86-016-55,798.0,-9.4,33.5334358215332,-86.61797332763672,0.128,-0.33,100.0,4.0,6216.0,0.0,0.0,
2025-09-05T00:48:26.846Z,29,GR86-016-55,,-9.2,33.5334358215332,-86.61797332763672,0.162,-0.307,100.0,4.0,,0.0,0.0,158.19
2025-09-05T00:48:26.888Z,29,GR86-016-55,,-9.2,33.533409118652344,-86.61801147460938,0.159,-0.331,100.0,4.0,,0.0,0.0,
2025-09-05T00:48:26.932Z,29,GR86-016-55,,-9.1,33.533409118652344,-86.61801147460938,0.151,-0.346,100.0,4.0,,0.0,0.0,
2025-09-05T00:48:26.974Z,29,GR86-016-55,,-9.1,33.533382415771484,-86.6180419921875,0.131,-0.347,100.0,4.0,,0.0,0.0,
2025-09-05T00:48:27.017Z,29,GR86-016-55,807.0,-9.1,33.533382415771484,-86.6180419921875,0.125,-0.359,100.0,4.0,6241.0,0.0,0.0,
2025-09-05T00:48:27.060Z,29,GR86-016-55,,-9.0,33.533382415771484,-86.6180419921875,0.133,-0.344,100.0,4.0,,0.0,0.0,159.04
2025-09-05T00:48:27.103Z,29,GR86-016-55,,-9.0,33.53335189819336,-86.61808013916016,0.139,-0.315,100.0,4.0,,0.0,0.0,
2025-09-05T00:48:27.146Z,29,GR86-016-55,,-8.9,33.53335189819336,-86.61808013916016,0.134,-0.307,100.0,4.0,,0.0,0.0,
2025-09-05T00:48:27.189Z,29,GR86-016-55,,-8.8,33.5333251953125,-86.61811065673828,0.141,-0.306,100.0,4.0,,0.0,0.0,
2025-09-05T00:48:27.233Z,29,GR86-016-55,816.0,-8.8,33.5333251953125,-86.61811065673828,0.134,-0.317,100.0,4.0,6279.0,0.0,0.0,
2025-09-05T00:48:27.276Z,29,GR86-016-55,,-8.8,33.53329849243164,-86.61814880371094,0.131,-0.335,100.0,4.0,,0.0,0.0,160.01
2025-09-05T00:48:27.318Z,29,GR86-016-55,,-8.8,33.53329849243164,-86.61814880371094,0.127,-0.343,100.0,4.0,,0.0,0.0,
2025-09-05T00:48:27.362Z,29,GR86-016-55,,-8.8,33.53327178955078,-86.61817932128906,0.144,-0.301,100.0,4.0,,0.0,0.0,
2025-09-05T00:48:27.404Z,29,GR86-016-55,,-8.8,33.53327178955078,-86.61817932128906,0.124,-0.302,100.0,4.0,,0.0,0.0,
2025-09-05T00:48:27.448Z,29,GR86-016-55,834.0,-8.700000000000001,33.53327178955078,-86.61817932128906,0.135,-0.315,100.0,4.0,6329.0,0.0,0.0,
2025-09-05T00:48:27.492Z,29,GR86-016-55,,-8.6,33.53324508666992,-86.61821746826172,0.136,-0.338,100.0,4.0,,0.0,0.0,160.83
2025-09-05T00:48:27.534Z,29,GR86-016-55,,-8.3,33.53324508666992,-86.61821746826172,0.15,-0.337,100.0,4.0,,0.0,0.0,
2025-09-05T00:48:27.578Z,29,GR86-016-55,,-7.0,33.53321838378906,-86.61825561523438,0.153,-0.291,100.0,4.0,,0.0,0.0,
2025-09-05T00:48:27.622Z,29,GR86-016-55,,-5.4,33.53321838378906,-86.61825561523438,0.129,-0.266,100.0,4.0,,0.0,0.0,
2025-09-05T00:48:27.664Z,29,GR86-016-55,843.0,-5.1000000000000005,33.5331916809082,-86.6182861328125,0.136,-0.235,100.0,4.0,6366.0,0.0,0.0,
2025-09-05T00:48:27.707Z,29,GR86-016-55,,-5.300000000000001,33.5331916809082,-86.6182861328125,0.148,-0.235,100.0,4.0,,0.0,0.0,161.68
2025-09-05T00:48:27.750Z,29,GR86-016-55,,-5.4,33.5331916809082,-86.6182861328125,0.158,-0.207,100.0,4.0,,0.0,0.0,
2025-09-05T00:48:27.794Z,29,GR86-016-55,,-5.6000000000000005,33.533164978027344,-86.61832427978516,0.152,-0.191,100.0,4.0,,0.0,0.0,
2025-09-05T00:48:27.836Z,29,GR86-016-55,,-5.6000000000000005,33.533164978027344,-86.61832427978516,0.149,-0.183,100.0,4.0,,0.0,0.0,
2025-09-05T00:48:27.880Z,29,GR86-016-55,852.0,-5.6000000000000005,33.533164978027344,-86.61832427978516,0.154,-0.167,100.0,4.0,6406.0,0.0,0.0,
2025-09-05T00:48:27.923Z,29,GR86-016-55,,-5.6000000000000005,33.533138275146484,-86.61836242675781,0.134,-0.159,100.0,4.0,,0.0,0.0,162.52
2025-09-05T00:48:27.965Z,29,GR86-016-55,,-5.6000000000000005,33.533111572265625,-86.61840057373047,0.152,-0.146,100.0,4.0,,0.0,0.0,
2025-09-05T00:48:28.009Z,29,GR86-016-55,,-5.5,33.533111572265625,-86.61840057373047,0.146,-0.151,100.0,4.0,,0.0,0.0,
2025-09-05T00:48:28.052Z,29,GR86-016-55,,-5.4,33.533111572265625,-86.61840057373047,0.166,-0.142,100.0,4.0,,0.0,0.0,
2025-09-05T00:48:28.096Z,29,GR86-016-55,861.0,-5.4,33.533084869384766,-86.6184310913086,0.147,-0.129,100.0,4.0,6434.0,0.0,0.0,
2025-09-05T00:48:28.139Z,29,GR86-016-55,,-5.4,33.533084869384766,-86.6184310913086,0.14,-0.122,100.0,4.0,,0.0,0.0,163.37
2025-09-05T00:48:28.183Z,29,GR86-016-55,,-5.4,33.533058166503906,-86.61846923828125,0.16,-0.099,100.0,4.0,,0.0,0.0,
2025-09-05T00:48:28.226Z,29,GR86-016-55,,-5.4,33.533058166503906,-86.61846923828125,0.151,-0.12,100.0,4.0,,0.0,0.0,
2025-09-05T00:48:28.268Z,29,GR86-016-55,,-5.300000000000001,33.53303146362305,-86.6185073852539,0.153,-0.124,100.0,4.0,,0.0,0.0,
2025-09-05T00:48:28.313Z,29,GR86-016-55,870.0,-4.800000000000001,33.53303146362305,-86.6185073852539,0.159,-0.128,100.0,4.0,6467.0,0.0,0.0,
2025-09-05T00:48:28.355Z,29,GR86-016-55,,-3.7,33.53303146362305,-86.6185073852539,0.152,-0.121,100.0,4.0,,0.0,0.0,164.20000000000002
2025-09-05T00:48:28.398Z,29,GR86-016-55,,-2.4000000000000004,33.53300476074219,-86.61854553222656,0.149,-0.103,100.0,4.0,,0.0,0.0,
2025-09-05T00:48:28.443Z,29,GR86-016-55,,-0.8,33.53300476074219,-86.61854553222656,0.151,-0.06,100.0,4.0,,0.0,0.0,
2025-09-05T00:48:28.486Z,29,GR86-016-55,,0.1,33.53297805786133,-86.61858367919922,0.171,-0.038,100.0,4.0,,0.0,0.0,
2025-09-05T00:48:28.529Z,29,GR86-016-55,879.0,0.9,33.53297805786133,-86.61858367919922,0.158,-0.004,100.0,4.0,6500.0,0.0,0.0,
2025-09-05T00:48:28.573Z,29,GR86-016-55,,1.5,33.53295135498047,-86.61862182617188,0.165,0.0,100.0,4.0,,0.0,0.0,165.0
2025-09-05T00:48:28.615Z,29,GR86-016-55,,1.9,33.53295135498047,-86.61862182617188,0.169,0.015,100.0,4.0,,0.0,0.0,
2025-09-05T00:48:28.659Z,29,GR86-016-55,,2.5,33.53295135498047,-86.61862182617188,0.124,0.056,100.0,4.0,,0.0,0.0,
2025-09-05T00:48:28.702Z,29,GR86-016-55,,5.1000000000000005,33.532928466796875,-86.61865997314453,0.153,0.151,100.0,4.0,,0.0,0.0,
2025-09-05T00:48:28.744Z,29,GR86-016-55,888.0,7.5,33.532928466796875,-86.61865997314453,0.184,0.181,100.0,4.0,6533.0,0.0,0.0,
2025-09-05T00:48:28.787Z,29,GR86-016-55,,9.2,33.532901763916016,-86.61869812011719,0.167,0.201,100.0,4.0,,0.0,0.0,165.97
2025-09-05T00:48:28.830Z,29,GR86-016-55,,9.8,33.532901763916016,-86.61869812011719,0.172,0.266,100.0,4.0,,0.0,0.0,
2025-09-05T00:48:28.874Z,29,GR86-016-55,,9.6,33.532901763916016,-86.61869812011719,0.165,0.301,100.0,4.0,,0.0,0.0,
2025-09-05T00:48:28.916Z,29,GR86-016-55,,9.2,33.53287506103516,-86.61873626708984,0.162,0.323,100.0,4.0,,0.0,0.0,
2025-09-05T00:48:28.959Z,29,GR86-016-55,898.0,9.1,33.53287506103516,-86.61873626708984,0.144,0.347,100.0,4.0,6567.0,0.0,0.0,
2025-09-05T00:48:29.003Z,29,GR86-016-55,,9.2,33.5328483581543,-86.6187744140625,0.181,0.42,100.0,4.0,,0.0,0.0,166.85
2025-09-05T00:48:29.046Z,29,GR86-016-55,,9.2,33.5328483581543,-86.6187744140625,0.163,0.411,100.0,4.0,,0.0,0.0,
2025-09-05T00:48:29.089Z,29,GR86-016-55,,9.2,33.53282165527344,-86.61881256103516,0.17,0.461,100.0,4.0,,0.0,0.0,
2025-09-05T00:48:29.133Z,29,GR86-016-55,,9.1,33.53282165527344,-86.61881256103516,0.154,0.441,100.0,4.0,,0.0,0.0,
2025-09-05T00:48:29.176Z,29,GR86-016-55,907.0,9.1,33.53279113769531,-86.61885070800781,0.166,0.418,100.0,4.0,6615.0,8.040000000000001,7.98,
2025-09-05T00:48:29.220Z,29,GR86-016-55,,9.1,33.53279113769531,-86.61885070800781,0.116,0.402,100.0,4.0,,10.985,11.215,167.74
2025-09-05T00:48:29.263Z,29,GR86-016-55,,8.3,33.53276443481445,-86.61888885498047,0.048,0.386,100.0,4.0,,5.9350000000000005,6.425,
2025-09-05T00:48:29.306Z,29,GR86-016-55,,7.6,33.53276443481445,-86.61888885498047,0.075,0.387,100.0,4.0,,0.0,0.0,
2025-09-05T00:48:29.349Z,29,GR86-016-55,,7.1000000000000005,33.53276443481445,-86.61888885498047,0.152,0.38,100.0,4.0,,0.0,0.0,
2025-09-05T00:48:29.393Z,29,GR86-016-55,917.0,6.9,33.532737731933594,-86.61892700195312,0.189,0.33,100.0,4.0,6649.0,0.0,0.0,
2025-09-05T00:48:29.435Z,29,GR86-016-55,,6.7,33.532737731933594,-86.61892700195312,0.182,0.336,100.0,4.0,,0.0,0.0,168.78
2025-09-05T00:48:29.478Z,29,GR86-016-55,,6.6000000000000005,33.53270721435547,-86.61896514892578,0.176,0.324,100.0,4.0,,0.0,0.0,
2025-09-05T00:48:29.522Z,29,GR86-016-55,,6.6000000000000005,33.53270721435547,-86.61896514892578,0.153,0.324,100.0,4.0,,0.0,0.0,
2025-09-05T00:48:29.565Z,29,GR86-016-55,,6.4,33.53268051147461,-86.61900329589844,0.163,0.307,100.0,4.0,,0.0,0.0,
2025-09-05T00:48:29.608Z,29,GR86-016-55,926.0,6.2,33.53268051147461,-86.61900329589844,0.176,0.276,100.0,4.0,6673.0,0.0,0.0,
2025-09-05T00:48:29.652Z,29,GR86-016-55,,6.2,33.53268051147461,-86.61900329589844,0.147,0.269,100.0,4.0,,0.0,0.0,170.07
2025-09-05T00:48:29.694Z,29,GR86-016-55,,6.2,33.532649993896484,-86.6190414428711,0.188,0.241,100.0,4.0,,0.0,0.0,
2025-09-05T00:48:29.737Z,29,GR86-016-55,,6.2,33.532649993896484,-86.6190414428711,0.168,0.233,100.0,4.0,,0.0,0.0,
2025-09-05T00:48:29.780Z,29,GR86-016-55,,6.2,33.532623291015625,-86.61907958984375,0.182,0.223,100.0,4.0,,0.0,0.0,
2025-09-05T00:48:29.823Z,29,GR86-016-55,935.0,6.2,33.532623291015625,-86.61907958984375,0.14,0.213,100.0,4.0,6699.0,0.0,0.0,
2025-09-05T00:48:29.866Z,29,GR86-016-55,,6.2,33.532623291015625,-86.61907958984375,0.135,0.236,100.0,4.0,,0.0,0.0,171.20000000000002
2025-09-05T00:48:29.909Z,29,GR86-016-55,,6.1000000000000005,33.5325927734375,-86.61911010742188,0.16,0.239,100.0,4.0,,0.0,0.0,
2025-09-05T00:48:29.953Z,29,GR86-016-55,,6.1000000000000005,33.5325927734375,-86.61911010742188,0.142,0.243,100.0,4.0,,0.0,0.0,
2025-09-05T00:48:29.996Z,29,GR86-016-55,,6.1000000000000005,33.532562255859375,-86.61914825439453,0.153,0.257,100.0,4.0,,0.0,0.0,
2025-09-05T00:48:30.039Z,29,GR86-016-55,945.0,6.2,33.532562255859375,-86.61914825439453,0.157,0.265,100.0,4.0,6743.0,0.0,0.0,
2025-09-05T00:48:30.083Z,29,GR86-016-55,,6.2,33.53253555297852,-86.61918640136719,0.138,0.261,100.0,4.0,,0.0,0.0,172.12
2025-09-05T00:48:30.126Z,29,GR86-016-55,,6.0,33.53253555297852,-86.61918640136719,0.148,0.275,100.0,4.0,,0.0,0.0,
2025-09-05T00:48:30.169Z,29,GR86-016-55,,5.800000000000001,33.53250503540039,-86.61922454833984,0.146,0.23,100.0,4.0,,0.0,0.0,
2025-09-05T00:48:30.213Z,29,GR86-016-55,,5.6000000000000005,33.53250503540039,-86.61922454833984,0.12,0.264,100.0,4.0,,0.0,0.0,
2025-09-05T00:48:30.256Z,29,GR86-016-55,964.0,5.6000000000000005,33.53250503540039,-86.61922454833984,0.141,0.254,100.0,4.0,6822.0,0.0,0.0,
2025-09-05T00:48:30.299Z,29,GR86-016-55,,5.4,33.532474517822266,-86.6192626953125,0.149,0.274,100.0,4.0,,0.0,0.0,172.98
2025-09-05T00:48:30.343Z,29,GR86-016-55,,5.2,33.532474517822266,-86.6192626953125,0.148,0.255,100.0,4.0,,0.0,0.0,
2025-09-05T00:48:30.386Z,29,GR86-016-55,,5.1000000000000005,33.53244400024414,-86.61930084228516,0.143,0.246,94.73,4.0,,11.615,11.965,
2025-09-05T00:48:30.429Z,29,GR86-016-55,,5.1000000000000005,33.53244400024414,-86.61930084228516,0.104,0.245,13.89,4.0,,46.8,46.465,
2025-09-05T00:48:30.473Z,29,GR86-016-55,974.0,5.1000000000000005,33.532413482666016,-86.61933898925781,-0.502,0.175,0.0,4.0,6864.0,70.93,69.905,
2025-09-05T00:48:30.515Z,29,GR86-016-55,,4.9,33.532413482666016,-86.61933898925781,-0.795,0.118,0.0,4.0,,78.605,78.865,174.02
2025-09-05T00:48:30.558Z,29,GR86-016-55,,0.2,33.532413482666016,-86.61933898925781,-0.967,0.112,0.0,4.0,,53.485,55.01,
2025-09-05T00:48:30.602Z,29,GR86-016-55,,-2.8000000000000003,33.53238296508789,-86.61936950683594,-0.605,-0.042,0.0,4.0,,20.115,21.18,
2025-09-05T00:48:30.646Z,29,GR86-016-55,,1.2000000000000002,33.53238296508789,-86.61936950683594,-0.615,-0.034,0.0,4.0,,31.36,31.895,
2025-09-05T00:48:30.689Z,29,GR86-016-55,983.0,11.2,33.532352447509766,-86.6194076538086,-0.952,-0.028,0.0,4.0,6895.0,52.89,52.86,
2025-09-05T00:48:30.733Z,29,GR86-016-55,,21.200000000000003,33.532352447509766,-86.6194076538086,-1.052,0.04,0.0,4.0,,69.525,69.525,175.04
2025-09-05T00:48:30.776Z,29,GR86-016-55,,25.6,33.53232192993164,-86.61944580078125,-1.239,0.077,0.0,4.0,,80.465,80.62,
2025-09-05T00:48:30.818Z,29,GR86-016-55,,25.1,33.53232192993164,-86.61944580078125,-1.114,0.169,0.0,4.0,,83.455,84.42,
2025-09-05T00:48:30.862Z,29,GR86-016-55,,19.200000000000003,33.53232192993164,-86.61944580078125,-0.909,0.186,0.0,4.0,,54.98,56.63,
2025-09-05T00:48:30.905Z,29,GR86-016-55,992.0,12.2,33.53229522705078,-86.61947631835938,-1.026,0.165,0.0,4.0,6148.0,45.43,46.405,
2025-09-05T00:48:30.948Z,29,GR86-016-55,,5.6000000000000005,33.53229522705078,-86.61947631835938,-0.992,0.183,0.0,4.0,,44.47,45.305,165.56
2025-09-05T00:48:30.992Z,29,GR86-016-55,,0.2,33.532264709472656,-86.61951446533203,-0.973,0.144,0.0,4.0,,54.95,55.18,
2025-09-05T00:48:31.034Z,29,GR86-016-55,,-4.1000000000000005,33.532264709472656,-86.61951446533203,-1.196,0.103,0.0,4.0,,64.43,64.61,
2025-09-05T00:48:31.078Z,29,GR86-016-55,,-6.1000000000000005,33.5322380065918,-86.61954498291016,-1.19,0.085,0.0,4.0,,70.625,71.235,
2025-09-05T00:48:31.120Z,29,GR86-016-55,1001.0,-6.2,33.5322380065918,-86.61954498291016,-1.235,0.055,0.0,4.0,5806.0,57.775,59.085,
2025-09-05T00:48:31.163Z,29,GR86-016-55,,-3.3000000000000003,33.53220748901367,-86.61957550048828,-0.803,0.111,0.0,4.0,,32.75,33.845,160.73
2025-09-05T00:48:31.206Z,29,GR86-016-55,,-2.9000000000000004,33.53220748901367,-86.61957550048828,-0.8260000000000001,0.142,0.0,4.0,,30.365,30.675,
2025-09-05T00:48:31.249Z,29,GR86-016-55,,-3.7,33.53220748901367,-86.61957550048828,-0.867,0.075,0.0,4.0,,37.525,37.705,
2025-09-05T00:48:31.293Z,29,GR86-016-55,,-6.7,33.53218078613281,-86.6196060180664,-0.871,0.051,0.0,4.0,,49.395,49.135,
2025-09-05T00:48:31.335Z,29,GR86-016-55,1010.0,-7.2,33.53218078613281,-86.6196060180664,-1.083,-0.08,0.0,4.0,5939.0,58.585,58.245000000000005,
2025-09-05T00:48:31.378Z,29,GR86-016-55,,-4.1000000000000005,33.53215789794922,-86.61963653564453,-1.168,-0.202,0.0,4.0,,63.115,63.59,157.08
2025-09-05T00:48:31.422Z,29,GR86-016-55,,12.5,33.53215789794922,-86.61963653564453,-1.119,-0.174,0.0,3.0,,53.24,54.525,
2025-09-05T00:48:31.464Z,29,GR86-016-55,,19.700000000000003,33.53213119506836,-86.61966705322266,-1.014,-0.136,0.0,3.0,,37.08,38.255,
2025-09-05T00:48:31.507Z,29,GR86-016-55,,19.200000000000003,33.53213119506836,-86.61966705322266,-0.864,0.136,0.0,3.0,,29.175,30.155,
2025-09-05T00:48:31.550Z,29,GR86-016-55,1018.0,11.3,33.53213119506836,-86.61966705322266,-0.731,0.031,0.0,3.0,5681.0,31.205,31.955,
2025-09-05T00:48:31.593Z,29,GR86-016-55,,3.7,33.5321044921875,-86.61969757080078,-0.776,-0.199,0.0,3.0,,38.835,39.035,150.33
2025-09-05T00:48:31.636Z,29,GR86-016-55,,1.0,33.5321044921875,-86.61969757080078,-1.093,-0.223,0.0,3.0,,50.1,50.65,
2025-09-05T00:48:31.680Z,29,GR86-016-55,,1.0,33.532081604003906,-86.6197280883789,-0.989,-0.231,0.0,3.0,,59.27,59.925,
2025-09-05T00:48:31.723Z,29,GR86-016-55,,11.0,33.532081604003906,-86.6197280883789,-1.121,-0.316,0.0,3.0,,65.115,65.74,
2025-09-05T00:48:31.808Z,29,GR86-016-55,1025.0,18.3,33.53205490112305,-86.61975860595703,-1.206,-0.124,0.0,3.0,5242.0,66.93,67.145,144.07
2025-09-05T00:48:31.852Z,29,GR86-016-55,,18.9,33.53205490112305,-86.61975860595703,-0.929,0.08,0.0,3.0,,68.93,69.19,
2025-09-05T00:48:31.894Z,29,GR86-016-55,,18.2,33.53203201293945,-86.61978149414062,-0.997,-0.01,0.0,3.0,,67.465,67.555,
2025-09-05T00:48:31.938Z,29,GR86-016-55,,15.6,33.53203201293945,-86.61978149414062,-1.081,0.148,0.0,3.0,,68.685,68.84,
2025-09-05T00:48:31.980Z,29,GR86-016-55,1033.0,13.8,33.53200912475586,-86.61981201171875,-1.071,0.11,0.0,2.0,6086.0,71.295,71.34,
2025-09-05T00:48:32.023Z,29,GR86-016-55,,13.7,33.53200912475586,-86.61981201171875,-1.273,0.188,0.0,2.0,,76.21000000000001,77.37,138.51
2025-09-05T00:48:32.066Z,29,GR86-016-55,,15.4,33.53199005126953,-86.61983489990234,-1.361,0.246,0.0,2.0,,79.625,80.94,
2025-09-05T00:48:32.109Z,29,GR86-016-55,,21.3,33.53199005126953,-86.61983489990234,-1.172,0.184,0.0,2.0,,79.275,80.055,
2025-09-05T00:48:32.153Z,29,GR86-016-55,,27.700000000000003,33.53199005126953,-86.61983489990234,-1.404,0.355,0.0,2.0,,80.405,81.395,
2025-09-05T00:48:32.196Z,29,GR86-016-55,1040.0,33.2,33.53196716308594,-86.61986541748047,-1.201,0.481,0.0,2.0,5766.0,82.58500000000001,84.02,
2025-09-05T00:48:32.238Z,29,GR86-016-55,,36.1,33.53196716308594,-86.61986541748047,-0.969,0.402,0.0,2.0,,78.42,79.305,131.48
2025-09-05T00:48:32.282Z,29,GR86-016-55,,37.0,33.53194808959961,-86.61988830566406,-1.071,0.619,0.0,2.0,,76.21000000000001,76.115,
2025-09-05T00:48:32.326Z,29,GR86-016-55,,38.3,33.53194808959961,-86.61988830566406,-1.115,0.542,0.0,2.0,,77.52,77.245,
2025-09-05T00:48:32.369Z,29,GR86-016-55,,38.3,33.53192901611328,-86.61991119384766,-1.063,0.658,0.0,2.0,,73.11,73.66,
2025-09-05T00:48:32.413Z,29,GR86-016-55,1046.0,38.1,33.53192901611328,-86.61991119384766,-1.11,0.673,0.0,2.0,6153.0,71.58500000000001,72.805,
2025-09-05T00:48:32.455Z,29,GR86-016-55,,38.0,33.53192901611328,-86.61991119384766,-1.157,0.645,0.0,2.0,,71.83,71.83,112.68
2025-09-05T00:48:32.499Z,29,GR86-016-55,,37.8,33.53190612792969,-86.61993408203125,-1.169,0.6890000000000001,0.0,2.0,,67.905,68.745,
2025-09-05T00:48:32.543Z,29,GR86-016-55,,35.6,33.53190612792969,-86.61993408203125,-1.007,0.7030000000000001,0.0,2.0,,55.335,56.69,
2025-09-05T00:48:32.586Z,29,GR86-016-55,,32.5,33.53188705444336,-86.61995697021484,-0.938,0.734,0.0,2.0,,49.395,49.67,
2025-09-05T00:48:32.629Z,29,GR86-016-55,1052.0,31.200000000000003,33.53188705444336,-86.61995697021484,-0.834,0.775,0.0,2.0,6192.0,44.085,45.305,
2025-09-05T00:48:32.673Z,29,GR86-016-55,,31.1,33.53186798095703,-86.6199722290039,-0.833,0.714,0.0,2.0,,43.17,44.225,108.71
2025-09-05T00:48:32.715Z,29,GR86-016-55,,33.300000000000004,33.53186798095703,-86.6199722290039,-0.954,0.709,0.0,2.0,,46.865,47.015,
2025-09-05T00:48:32.758Z,29,GR86-016-55,,36.2,33.53186798095703,-86.6199722290039,-0.995,0.778,0.0,1.0,,47.9,48.055,
2025-09-05T00:48:32.802Z,29,GR86-016-55,,35.1,33.53185272216797,-86.6199951171875,-0.806,0.765,0.0,1.0,,41.46,42.455,
2025-09-05T00:48:32.846Z,29,GR86-016-55,1063.0,34.7,33.53185272216797,-86.6199951171875,-0.897,0.709,0.0,1.0,5335.0,37.585,38.5,
2025-09-05T00:48:32.888Z,29,GR86-016-55,,38.2,33.53183364868164,-86.62001037597656,-0.953,0.734,0.0,1.0,,40.025,40.835,102.06
2025-09-05T00:48:32.932Z,29,GR86-016-55,,42.8,33.53183364868164,-86.62001037597656,-0.811,0.836,0.0,1.0,,45.065,45.55,
2025-09-05T00:48:32.974Z,29,GR86-016-55,,48.900000000000006,33.53181457519531,-86.62002563476562,-0.993,0.766,0.0,1.0,,45.81,45.87,
2025-09-05T00:48:33.017Z,29,GR86-016-55,,55.0,33.53181457519531,-86.62002563476562,-0.782,0.97,0.0,1.0,,45.55,45.995,
2025-09-05T00:48:33.060Z,29,GR86-016-55,1068.0,57.6,33.53181457519531,-86.62002563476562,-0.8160000000000001,0.962,0.0,1.0,5679.0,40.53,41.49,
2025-09-05T00:48:33.103Z,29,GR86-016-55,,58.5,33.531795501708984,-86.62004089355469,-0.631,1.119,0.0,1.0,,26.505,27.405,96.1
2025-09-05T00:48:33.146Z,29,GR86-016-55,,63.900000000000006,33.531795501708984,-86.62004089355469,-0.508,1.118,0.0,1.0,,23.745,24.2,
2025-09-05T00:48:33.233Z,29,GR86-016-55,,65.9,33.53178024291992,-86.62005615234375,-0.558,1.134,0.0,1.0,,21.745,22.31,
2025-09-05T00:48:33.318Z,29,GR86-016-55,1073.0,70.8,33.531761169433594,-86.62007141113281,-0.561,1.197,0.0,1.0,6302.0,25.455,25.545,90.32
2025-09-05T00:48:33.362Z,29,GR86-016-55,,72.5,33.531742095947266,-86.62007904052734,-0.55,1.139,0.0,1.0,,24.92,25.425,
2025-09-05T00:48:33.404Z,29,GR86-016-55,,73.60000000000001,33.531742095947266,-86.62007904052734,-0.509,1.109,0.0,1.0,,21.09,21.745,
2025-09-05T00:48:33.449Z,29,GR86-016-55,,75.7,33.531742095947266,-86.62007904052734,-0.473,1.032,0.0,1.0,,16.085,16.830000000000002,
2025-09-05T00:48:33.534Z,29,GR86-016-55,1078.0,78.0,33.5317268371582,-86.6200942993164,-0.512,1.11,0.0,1.0,5938.0,13.915,14.36,86.42
2025-09-05T00:48:33.577Z,29,GR86-016-55,,78.0,33.531707763671875,-86.62010192871094,-0.46,1.216,0.0,1.0,,13.58,14.025,
2025-09-05T00:48:33.620Z,29,GR86-016-55,,78.0,33.531707763671875,-86.62010192871094,-0.406,1.236,0.0,1.0,,13.58,13.995,
2025-09-05T00:48:33.663Z,29,GR86-016-55,,76.9,33.53168869018555,-86.62010955810547,-0.403,1.158,0.0,1.0,,4.15,4.655,
2025-09-05T00:48:33.706Z,29,GR86-016-55,1082.0,72.9,33.53168869018555,-86.62010955810547,-0.253,1.206,0.0,1.0,5639.0,0.0,0.0,
2025-09-05T00:48:33.749Z,29,GR86-016-55,,64.7,33.53168869018555,-86.62010955810547,-0.222,1.136,0.0,1.0,,0.0,0.0,82.83
2025-09-05T00:48:33.793Z,29,GR86-016-55,,59.7,33.531673431396484,-86.6201171875,-0.175,1.18,0.0,1.0,,0.0,0.0,
2025-09-05T00:48:33.835Z,29,GR86-016-55,,59.6,33.531673431396484,-86.6201171875,-0.182,1.159,0.0,1.0,,0.0,0.0,
2025-09-05T00:48:33.878Z,29,GR86-016-55,,66.8,33.531673431396484,-86.6201171875,-0.163,1.161,0.0,1.0,,0.0,0.0,
2025-09-05T00:48:33.922Z,29,GR86-016-55,1087.0,72.8,33.53165435791016,-86.62012481689453,-0.163,1.262,0.0,1.0,5431.0,0.0,0.0,
2025-09-05T00:48:33.964Z,29,GR86-016-55,,72.9,33.53163528442383,-86.62013244628906,-0.164,1.192,0.0,1.0,,0.0,0.0,79.46000000000001
2025-09-05T00:48:34.007Z,29,GR86-016-55,,69.9,33.53163528442383,-86.62013244628906,-0.15,1.234,0.0,1.0,,0.0,0.0,
2025-09-05T00:48:34.050Z,29,GR86-016-55,,63.900000000000006,33.53163528442383,-86.62013244628906,-0.176,1.286,0.0,1.0,,0.0,0.0,
2025-09-05T00:48:34.094Z,29,GR86-016-55,,56.900000000000006,33.5316162109375,-86.62013244628906,-0.18,1.281,0.0,1.0,,0.0,0.0,
2025-09-05T00:48:34.136Z,29,GR86-016-55,1091.0,48.2,33.5316162109375,-86.62013244628906,-0.158,1.292,0.0,1.0,5353.0,0.0,0.0,
2025-09-05T00:48:34.180Z,29,GR86-016-55,,38.5,33.53160095214844,-86.62013244628906,-0.127,1.229,0.0,1.0,,0.0,0.0,77.22
2025-09-05T00:48:34.223Z,29,GR86-016-55,,27.0,33.53160095214844,-86.62013244628906,-0.139,1.203,0.0,1.0,,0.0,0.0,
2025-09-05T00:48:34.265Z,29,GR86-016-55,,23.200000000000003,33.53158187866211,-86.6201400756836,-0.153,1.218,0.0,1.0,,0.0,0.0,
2025-09-05T00:48:34.309Z,29,GR86-016-55,,22.4,33.53158187866211,-86.6201400756836,-0.143,1.247,0.0,1.0,,0.0,0.0,
2025-09-05T00:48:34.352Z,29,GR86-016-55,1095.0,22.3,33.53158187866211,-86.6201400756836,-0.148,1.322,0.0,1.0,5233.0,0.0,0.0,
2025-09-05T00:48:34.396Z,29,GR86-016-55,,27.0,33.53156280517578,-86.6201400756836,-0.072,1.128,0.0,1.0,,0.0,0.0,75.7
2025-09-05T00:48:34.439Z,29,GR86-016-55,,39.8,33.53156280517578,-86.6201400756836,-0.089,1.197,0.0,1.0,,0.0,0.0,
2025-09-05T00:48:34.483Z,29,GR86-016-55,,69.5,33.53154754638672,-86.62013244628906,-0.155,1.219,0.0,1.0,,0.0,0.0,
2025-09-05T00:48:34.525Z,29,GR86-016-55,,88.7,33.53154754638672,-86.62013244628906,-0.1,1.231,0.0,1.0,,0.0,0.0,
2025-09-05T00:48:34.569Z,29,GR86-016-55,1099.0,99.0,33.53152847290039,-86.62013244628906,-0.088,1.094,0.0,1.0,5107.0,0.0,0.0,
2025-09-05T00:48:34.613Z,29,GR86-016-55,,102.7,33.53152847290039,-86.62013244628906,-0.193,1.13,0.0,1.0,,0.0,0.0,74.62
2025-09-05T00:48:34.655Z,29,GR86-016-55,,103.4,33.53152847290039,-86.62013244628906,-0.268,1.328,0.0,1.0,,0.0,0.0,
2025-09-05T00:48:34.698Z,29,GR86-016-55,,104.0,33.53151321411133,-86.62013244628906,-0.235,1.277,0.0,1.0,,0.0,0.0,
2025-09-05T00:48:34.743Z,29,GR86-016-55,,105.9,33.53151321411133,-86.62013244628906,-0.093,1.284,19.66,1.0,,0.0,0.0,
2025-09-05T00:48:34.786Z,29,GR86-016-55,1103.0,106.7,33.531494140625,-86.62012481689453,-0.182,1.255,45.3,1.0,5000.0,0.0,0.0,
2025-09-05T00:48:34.829Z,29,GR86-016-55,,107.0,33.531494140625,-86.62012481689453,-0.164,1.285,60.1,1.0,,0.0,0.0,73.41
2025-09-05T00:48:34.873Z,29,GR86-016-55,,107.1,33.531494140625,-86.62012481689453,-0.276,1.238,67.04,1.0,,0.0,0.0,
2025-09-05T00:48:34.915Z,29,GR86-016-55,,103.5,33.53147888183594,-86.6201171875,-0.19,1.326,70.68,1.0,,0.0,0.0,
2025-09-05T00:48:34.959Z,29,GR86-016-55,,89.7,33.53147888183594,-86.6201171875,-0.102,1.37,70.22,1.0,,0.0,0.0,
2025-09-05T00:48:35.002Z,29,GR86-016-55,1107.0,61.3,33.531463623046875,-86.6201171875,0.019,1.445,64.5,1.0,4860.0,0.0,0.0,
2025-09-05T00:48:35.044Z,29,GR86-016-55,,44.2,33.531463623046875,-86.6201171875,0.28,1.165,59.9,1.0,,0.0,0.0,70.04
2025-09-05T00:48:35.087Z,29,GR86-016-55,,36.2,33.53144836425781,-86.62010955810547,0.305,1.136,59.45,1.0,,0.0,0.0,
2025-09-05T00:48:35.130Z,29,GR86-016-55,,35.7,33.53144836425781,-86.62010955810547,0.475,1.163,61.02,1.0,,0.0,0.0,
2025-09-05T00:48:35.174Z,29,GR86-016-55,,35.7,33.53143310546875,-86.6200942993164,0.422,1.131,64.83,1.0,,0.0,0.0,
2025-09-05T00:48:35.216Z,29,GR86-016-55,1111.0,37.2,33.53143310546875,-86.6200942993164,0.391,1.273,72.27,1.0,4710.0,0.0,0.0,
2025-09-05T00:48:35.259Z,29,GR86-016-55,,39.8,33.53143310546875,-86.6200942993164,0.417,1.273,81.60000000000001,1.0,,0.0,0.0,68.99
2025-09-05T00:48:35.303Z,29,GR86-016-55,,46.2,33.53141784667969,-86.62008666992188,0.275,1.146,100.0,1.0,,0.0,0.0,
2025-09-05T00:48:35.346Z,29,GR86-016-55,,57.1,33.53141784667969,-86.62008666992188,0.32,1.245,100.0,1.0,,0.0,0.0,
2025-09-05T00:48:35.389Z,29,GR86-016-55,,70.8,33.531402587890625,-86.62007904052734,0.401,1.255,100.0,1.0,,0.0,0.0,
2025-09-05T00:48:35.433Z,29,GR86-016-55,1115.0,,,,,,,,5650.0,,,
